City_ID,City,Lat,Lng,Max Temp,Humidity,Cloudiness,Wind Speed,Country,Date
0,talcahuano,-36.7167,-73.1167,46.08,100,58,0.0,CL,1690424259
1,port-aux-francais,-49.35,70.2167,39.99,78,90,36.06,TF,1690424269
2,port alfred,-33.5906,26.891,61.41,82,92,10.67,ZA,1690424269
3,saint-leu,-21.15,55.2833,65.26,76,47,11.68,RE,1690424269
4,midleton,51.9153,-8.1805,61.12,97,100,11.1,IE,1690424269
5,port elizabeth,-33.918,25.5701,53.89,71,0,6.91,ZA,1690424269
6,margaret river,-33.95,115.0667,56.44,68,97,11.99,AU,1690424269
7,touros,-5.1989,-35.4608,74.98,89,34,11.39,BR,1690424076
8,hami,42.8,93.45,94.5,10,0,9.73,CN,1690424033
9,stiens,53.2623,5.7577,59.99,84,100,5.75,NL,1690424269
10,grytviken,-54.2811,-36.5092,33.57,98,100,11.3,GS,1690424022
11,lompoc,34.6391,-120.4579,75.34,84,100,10.36,US,1690424270
12,invercargill,-46.4,168.35,45.36,70,100,16.31,NZ,1690424270
13,haiku-pauwela,20.9219,-156.3051,83.17,69,40,25.32,US,1690424270
14,olonkinbyen,70.9221,-8.7187,40.37,90,100,10.51,SJ,1690424020
15,hithadhoo,-0.6,73.0833,82.98,78,31,16.35,MV,1690424270
16,kyshtovka,56.555,76.6271,67.15,71,72,1.41,RU,1690424270
17,waitangi,-43.9535,-176.5597,46.81,88,81,1.99,NZ,1690424270
18,taoudenni,22.6783,-3.9836,99.52,23,25,8.86,ML,1690424026
19,anadyr,64.75,177.4833,55.9,82,75,11.18,RU,1690424271
20,lethem,3.3803,-59.7968,75.9,91,100,1.77,GY,1690424060
21,blackmans bay,-43.0167,147.3167,54.73,71,100,4.54,AU,1690424271
22,keflavik,64.0049,-22.5624,50.43,87,20,11.5,IS,1690424271
23,lagoa,39.05,-27.9833,71.98,92,41,16.22,PT,1690424271
24,ribeira grande,38.5167,-28.7,73.78,96,42,1.99,PT,1690424272
25,edinburgh of the seven seas,-37.0676,-12.3116,51.37,52,62,23.33,SH,1690424272
26,bamboo flat,11.7,92.7167,84.29,84,40,12.66,IN,1690424023
27,utrik,11.2278,169.8474,82.85,79,100,18.12,MH,1690424272
28,stanley,54.868,-1.6985,56.28,94,75,3.44,GB,1690424021
29,erdenet,49.0333,104.0833,67.21,57,36,4.21,MN,1690424273
30,adamstown,-25.066,-130.1015,67.62,63,42,14.9,PN,1690424273
31,shiprock,36.7855,-108.687,93.54,24,70,6.55,US,1690424273
32,albany,42.6001,-73.9662,77.41,81,100,4.61,US,1690424273
33,severo-yeniseyskiy,60.3725,93.0408,60.76,93,100,2.57,RU,1690424273
34,papatowai,-46.5619,169.4708,44.44,71,100,21.94,NZ,1690424273
35,chegdomyn,51.1167,133.0167,77.72,58,43,3.13,RU,1690424273
36,kelso,46.1468,-122.9084,80.56,46,0,8.05,US,1690424273
37,thai nguyen,21.5928,105.8442,89.38,66,99,2.19,VN,1690424274
38,hermanus,-34.4187,19.2345,53.19,83,0,6.4,ZA,1690424274
39,pathein,16.7833,94.7333,84.2,77,39,10.76,MM,1690424274
40,avarua,-21.2078,-159.775,75.25,69,75,4.61,CK,1690424274
41,port augusta,-32.5,137.7667,69.51,35,84,22.66,AU,1690424274
42,galliano,29.4422,-90.2992,86.0,67,1,7.07,US,1690424038
43,parthenay,46.6667,-0.4167,62.38,99,34,7.9,FR,1690424274
44,thompson,55.7435,-97.8558,57.36,82,100,2.3,CA,1690424274
45,fort bragg,35.139,-79.006,84.81,77,0,5.75,US,1690424275
46,dryden,49.7833,-92.7503,73.69,83,100,5.75,CA,1690424275
47,longyearbyen,78.2186,15.6401,51.64,71,75,2.3,SJ,1690424275
48,tevriz,57.509,72.4042,65.66,73,13,4.83,RU,1690424275
49,puerto real,36.5282,-6.1901,69.96,88,20,5.75,ES,1690424275
50,greenville,35.6127,-77.3663,82.35,90,0,8.05,US,1690424126
51,college,64.8569,-147.8028,85.59,53,75,4.0,US,1690424275
52,codrington,-38.2667,141.9667,58.08,63,1,17.96,AU,1690424275
53,lionel town,17.8101,-77.2406,87.69,81,96,3.13,JM,1690424275
54,aktau,43.65,51.2,72.18,73,0,7.7,KZ,1690424276
55,midvagur,62.0511,-7.1939,47.23,81,100,9.22,FO,1690424033
56,ancud,-41.8697,-73.8203,46.35,91,100,4.94,CL,1690424027
57,lauro de freitas,-12.8944,-38.3272,77.02,88,75,8.05,BR,1690424276
58,whitehorse,60.7161,-135.0538,69.31,61,100,15.01,CA,1690424044
59,puerto ayora,-0.7393,-90.3518,76.55,93,84,5.99,EC,1690424276
60,shahrinav,38.5709,68.335,81.59,23,1,3.11,TJ,1690424276
61,lihue,21.9789,-159.3672,85.24,73,75,16.11,US,1690424031
62,zouerate,22.7187,-12.4521,87.26,22,41,19.33,MR,1690424276
63,muisne,0.6,-80.0333,77.63,80,91,6.4,EC,1690424277
64,bilibino,68.0546,166.4372,52.66,68,100,4.16,RU,1690424277
65,kerikeri,-35.2268,173.9474,58.91,82,16,3.0,NZ,1690424030
66,west island,-12.1568,96.8225,75.18,88,75,25.32,CC,1690424277
67,hawaiian paradise park,19.5933,-154.9731,81.91,84,75,9.22,US,1690424277
68,machico,32.7,-16.7667,72.23,74,20,4.61,PT,1690424277
69,nuuk,64.1835,-51.7216,41.61,100,100,14.97,GL,1690424277
70,alice springs,-23.7,133.8833,72.95,49,40,11.5,AU,1690424019
71,borgarnes,64.5383,-21.9206,50.05,89,100,11.5,IS,1690424277
72,west plains,36.7281,-91.8524,85.08,70,0,6.91,US,1690424278
73,antofagasta,-23.65,-70.4,63.68,84,68,2.98,CL,1690424278
74,bethel,41.3712,-73.414,77.31,78,0,8.05,US,1690424029
75,florence,43.7667,11.25,68.54,86,0,1.14,IT,1690424278
76,talakan,50.3167,130.3667,84.63,47,9,1.9,RU,1690424278
77,beni,0.5,29.4667,61.02,98,32,0.94,CD,1690424278
78,ramanuj ganj,23.8,83.7,82.78,70,72,6.2,IN,1690424278
79,weno,7.4515,151.8468,83.14,74,22,7.09,FM,1690424278
80,kapuskasing,49.4169,-82.4331,66.29,94,75,2.3,CA,1690424278
81,iqaluit,63.7506,-68.5145,44.33,87,40,3.44,CA,1690424279
82,lebu,-37.6167,-73.65,47.5,85,86,0.63,CL,1690424279
83,concordia,-31.393,-58.0209,45.79,97,100,5.1,AR,1690424279
84,soio,-6.1349,12.3689,69.46,90,5,6.24,AO,1690424279
85,santa ana,33.7456,-117.8678,100.42,45,0,10.36,US,1690424041
86,lincoln,40.8,-96.667,89.87,76,0,5.75,US,1690424279
87,prince rupert,54.3161,-130.3201,62.69,82,20,11.5,CA,1690424279
88,kingston,17.997,-76.7936,86.95,79,20,9.22,JM,1690424279
89,ust-nera,64.5667,143.2,57.96,58,100,7.4,RU,1690424279
90,playa blanca,28.8643,-13.8281,71.8,77,9,18.75,ES,1690424280
91,kirensk,57.7853,108.1119,75.13,64,99,3.33,RU,1690424280
92,la ronge,55.1001,-105.2842,53.85,87,100,14.97,CA,1690424280
93,dhidhdhoo,6.8833,73.1,81.91,75,90,6.2,MV,1690424280
94,kodiak,57.79,-152.4072,58.51,82,100,6.91,US,1690424280
95,banda aceh,5.5577,95.3222,84.67,65,100,11.34,ID,1690424280
96,klaksvik,62.2266,-6.589,47.32,84,68,7.67,FO,1690424280
97,hlukhiv,51.6782,33.9162,61.86,94,63,6.71,UA,1690424280
98,kawambwa,-9.7915,29.0791,55.98,58,25,9.1,ZM,1690424281
99,malvan,16.0667,73.4667,77.7,90,100,19.73,IN,1690424281
100,ushuaia,-54.8,-68.3,31.66,69,0,5.75,AR,1690423989
101,terrace,54.5163,-128.6035,68.22,52,75,6.91,CA,1690424205
102,tolanaro,-25.0319,46.9987,66.06,60,85,10.42,MG,1690424281
103,saint croix,17.7397,-64.7388,81.05,78,0,10.36,VI,1690424030
104,pandan,14.0453,124.1694,86.05,71,100,14.54,PH,1690424002
105,tiksi,71.6872,128.8694,45.93,71,33,6.38,RU,1690424281
106,enewetak,11.3474,162.3373,83.35,77,100,13.44,MH,1690424281
107,luderitz,-26.6481,15.1594,54.14,70,0,7.25,,1690424282
108,yellowknife,62.456,-114.3525,75.72,33,20,13.8,CA,1690424282
109,abra pampa,-22.7205,-65.697,39.22,53,4,3.22,AR,1690424282
110,ocean city,39.2776,-74.5746,76.98,89,5,10.22,US,1690424282
111,tazacorte,28.629,-17.9293,72.57,80,75,14.97,ES,1690424282
112,buka,40.8108,69.1986,87.39,16,4,8.9,UZ,1690424282
113,souillac,-20.5167,57.5167,66.58,94,20,3.44,MU,1690424282
114,usogorsk,63.4106,48.6872,59.32,73,100,6.26,RU,1690424283
115,praia da vitoria,38.7333,-27.0667,71.76,88,20,6.55,PT,1690424283
116,namibe,-15.1961,12.1522,59.77,91,69,8.88,AO,1690424283
117,kudahuvadhoo,2.6708,72.8944,82.85,78,36,11.01,MV,1690424283
118,puerto natales,-51.7236,-72.4875,29.52,92,100,2.64,CL,1690424283
119,iskateley,67.6803,53.1512,63.34,71,99,3.76,RU,1690424283
120,inarajan village,13.2736,144.7484,81.79,91,100,11.9,GU,1690424284
121,ulanhot,46.0833,122.0833,79.21,66,100,7.07,CN,1690424284
122,okondja,-0.6549,13.6753,73.49,82,62,1.63,GA,1690424284
123,isafjordur,66.0755,-23.124,44.47,87,99,11.77,IS,1690424284
124,mga,59.75,31.0667,60.73,99,44,4.79,RU,1690424284
125,beau vallon,-20.4189,57.6953,67.21,94,20,3.44,MU,1690424284
126,hammerfest,70.6634,23.6821,52.25,87,100,5.75,NO,1690424285
127,port mathurin,-19.6833,63.4167,74.53,79,51,17.47,MU,1690424285
128,nabire,-3.3667,135.4833,86.2,66,70,2.89,ID,1690424076
129,prado,-17.3411,-39.2208,72.82,68,82,4.92,BR,1690424285
130,kosh-agach,50.0,88.6667,65.32,39,94,2.68,RU,1690424285
131,st. john's,47.5649,-52.7093,66.27,84,100,20.71,CA,1690424035
132,nemuro,43.3236,145.575,67.42,91,100,6.91,JP,1690424009
133,talnakh,69.4865,88.3972,78.21,53,81,6.08,RU,1690424286
134,saipan,15.1355,145.701,83.1,100,40,12.66,MP,1690424286
135,khandyga,62.6667,135.6,71.78,30,0,12.21,RU,1690424069
136,rehoboth,-23.3167,17.0833,53.28,25,0,2.51,,1690424286
137,udachny,66.4167,112.4,71.46,52,99,10.54,RU,1690424286
138,boca do acre,-8.7522,-67.3978,77.18,52,52,2.08,BR,1690424286
139,humanes de madrid,40.2504,-3.8306,76.24,37,0,1.01,ES,1690424287
140,sitka,57.0531,-135.33,60.69,82,100,3.44,US,1690424287
141,guerrero negro,27.9769,-114.0611,71.89,73,4,14.16,MX,1690424287
142,santa marta,11.2408,-74.199,82.45,83,75,9.22,CO,1690424170
143,jamestown,42.097,-79.2353,71.19,97,100,11.5,US,1690424017
144,ulladulla,-35.35,150.4667,67.08,30,0,6.22,AU,1690424287
145,kone,-21.0595,164.8658,76.01,39,0,9.8,NC,1690424287
146,palikir - national government center,6.9248,158.1611,86.85,70,75,9.22,FM,1690424288
147,ilulissat,69.2167,-51.1,46.42,66,0,4.61,GL,1690424024
148,rio preto da eva,-2.6994,-59.6997,78.01,57,16,2.86,BR,1690424288
149,severobaykal'sk,55.65,109.3167,56.98,86,100,3.09,RU,1690424288
150,woolgoolga,-30.1106,153.2007,67.05,54,0,6.55,AU,1690424288
151,kolonia,50.9333,6.95,63.88,67,0,9.22,DE,1690424005
152,taroa,8.7058,171.2275,82.65,78,100,11.34,MH,1690424288
153,vilyuchinsk,52.9306,158.4028,73.67,80,99,7.09,RU,1690424289
154,basco,20.4487,121.9702,85.5,73,100,32.88,PH,1690424047
155,tizi-n-tleta,36.5457,4.0571,73.13,50,0,5.1,DZ,1690424289
156,woods creek,47.8787,-121.8985,73.89,58,77,5.01,US,1690424289
157,jastrowie,53.4205,16.8176,50.4,93,3,5.39,PL,1690424289
158,atafu village,-8.5421,-172.5159,83.34,75,100,17.98,TK,1690424289
159,colombo,6.9319,79.8478,78.94,86,100,6.26,LK,1690424249
160,aasiaat,68.7098,-52.8699,35.74,96,32,6.76,GL,1690424289
161,princeville,45.7668,-61.2985,72.32,83,0,10.36,CA,1690424290
162,constantia,44.1833,28.65,68.7,84,99,13.58,RO,1690424036
163,whangarei,-35.7317,174.3239,55.49,84,54,11.86,NZ,1690424290
164,kenai,60.5544,-151.2583,59.14,90,100,12.66,US,1690424290
165,ingeniero jacobacci,-41.3427,-69.5448,33.4,86,99,2.46,AR,1690424290
166,broken hill,-31.95,141.4333,66.29,33,3,20.58,AU,1690424279
167,port lincoln,-34.7333,135.8667,63.66,56,100,20.76,AU,1690424092
168,puerto baquerizo moreno,-0.9,-89.6,75.43,80,99,11.97,EC,1690424291
169,markaz-e hukumat-e darweshan,31.1323,64.1934,88.43,25,1,9.04,AF,1690424291
170,mili,6.0815,171.735,82.98,74,19,9.37,MH,1690424291
171,dudinka,69.4058,86.1778,78.62,60,67,3.91,RU,1690424039
172,rongelap,11.1635,166.8941,82.81,79,100,17.83,MH,1690424291
173,queenstown,-31.8976,26.8753,49.01,88,55,4.03,ZA,1690424291
174,jumla,29.2747,82.1838,64.18,94,100,2.24,NP,1690424291
175,torghay,49.6339,63.4981,72.05,63,1,5.99,KZ,1690424292
176,nagornyy,52.7959,83.5498,73.15,47,99,6.35,RU,1690424292
177,happy valley-goose bay,53.3168,-60.3315,68.31,60,75,0.0,CA,1690424029
178,thunder bay,48.4001,-89.3168,67.98,83,61,2.3,CA,1690424292
179,zaozersk,69.4005,32.4476,51.08,94,100,1.61,RU,1690424292
180,yemetsk,63.4721,41.7941,56.7,100,100,4.43,RU,1690424292
181,magadan,59.5667,150.8,61.54,98,100,7.09,RU,1690424293
182,sechura,-5.5569,-80.8222,72.07,74,2,16.04,PE,1690424293
183,kayangel,8.0823,134.7173,80.38,82,100,24.54,PW,1690424293
184,taulaga,-11.0553,-171.0883,82.02,69,20,14.61,AS,1690424293
185,grantsville,40.5999,-112.4644,89.31,25,0,23.0,US,1690424293
186,isla vista,34.4133,-119.861,88.99,62,0,6.91,US,1690424294
187,mount isa,-20.7333,139.5,76.77,53,9,13.8,AU,1690424294
188,kampong chhnang,12.1667,104.55,83.84,73,100,6.62,KH,1690424294
189,la passe,45.5549,-0.8967,66.97,94,15,6.58,FR,1690424060
190,penonome,8.5167,-80.3667,79.68,80,100,5.01,PA,1690424216
191,bredasdorp,-34.5322,20.0403,47.8,91,0,4.43,ZA,1690424294
192,zonguldak,41.25,31.8333,70.92,40,0,6.06,TR,1690424295
193,gamba,-2.65,10.0,69.15,96,48,4.36,GA,1690424295
194,noosa heads,-26.3833,153.15,70.11,59,97,12.75,AU,1690424014
195,margate,51.3813,1.3862,61.9,94,100,10.0,GB,1690424295
196,vaasa,63.096,21.6158,57.94,100,100,5.01,FI,1690424295
197,sola,-13.8833,167.55,76.44,82,100,27.72,VU,1690424295
198,santo antonio,-6.3106,-35.4789,69.89,95,8,8.32,BR,1690424296
199,arraial do cabo,-22.9661,-42.0278,69.8,88,25,20.94,BR,1690424296
200,pajok,3.8651,32.4821,65.88,99,87,2.08,SS,1690424296
201,fianarantsoa,-21.4333,47.0833,43.97,93,58,4.32,MG,1690424296
202,xichang,27.8964,102.2634,71.47,84,99,1.79,CN,1690424296
203,acapulco de juarez,16.8634,-99.8901,85.82,70,75,6.91,MX,1690424115
204,pechora,65.1472,57.2244,62.69,79,97,2.93,RU,1690424297
205,hadibu,12.65,54.0333,76.98,79,55,25.17,YE,1690424047
206,coquimbo,-29.9533,-71.3436,55.13,87,0,4.61,CL,1690424297
207,argo,37.6333,22.7333,80.78,56,0,4.81,GR,1690424297
208,tommot,58.9564,126.2925,78.44,60,5,6.13,RU,1690424297
209,fonte boa,-2.4959,-66.2662,78.69,75,76,1.1,BR,1690424297
210,chandler,33.3062,-111.8412,112.6,17,0,3.0,US,1690424258
211,tralee,52.2704,-9.7026,60.22,99,100,6.87,IE,1690424298
212,klyuchi,52.2667,79.1667,72.63,41,100,7.0,RU,1690424033
213,uturoa,-16.7333,-151.4333,78.37,83,47,8.34,PF,1690424298
214,koratla,18.8167,78.7167,75.52,95,99,14.7,IN,1690424298
215,port lavaca,28.615,-96.6261,86.05,81,0,9.22,US,1690424298
216,susuman,62.7833,148.1667,49.5,82,100,6.35,RU,1690424299
217,gizo,-8.103,156.8419,80.98,85,100,17.05,SB,1690424299
218,masjed soleyman,31.9364,49.3039,93.18,12,0,4.9,IR,1690424299
219,berdigestyakh,62.0989,126.6992,71.64,46,100,3.4,RU,1690424299
220,nsanje,-16.92,35.262,60.98,94,15,1.54,MW,1690424299
221,colonia,50.9333,6.95,63.88,67,0,9.22,DE,1690424145
222,rodino,52.5,80.25,76.68,36,100,8.08,RU,1690424299
223,carnarvon,-24.8667,113.6333,63.3,51,30,15.9,AU,1690424300
224,tatarsk,55.219,75.9828,68.05,68,100,4.29,RU,1690424300
225,bandundu,-3.3167,17.3667,74.46,62,31,4.12,CD,1690424300
226,maputo,-25.9653,32.5892,62.28,67,0,13.8,MZ,1690424300
227,san luis de la loma,17.2706,-100.8939,82.24,79,51,6.76,MX,1690424300
228,bechar,31.6167,-2.2167,100.72,11,20,8.05,DZ,1690424145
229,ar ruways,24.1103,52.7306,91.6,74,99,6.71,AE,1690424301
230,lubumbashi,-11.6609,27.4794,53.4,63,2,3.33,CD,1690424301
231,tondon,10.3667,-13.35,74.1,99,100,0.76,GN,1690424301
232,shimoda,34.6667,138.95,91.11,66,22,5.93,JP,1690424301
233,novyy urengoy,66.0833,76.6333,72.28,59,69,5.86,RU,1690424301
234,turochak,52.2576,87.1224,69.57,61,63,1.79,RU,1690424301
235,milici,44.1711,19.0903,54.77,95,100,3.91,BA,1690424302
236,uyuni,-20.4597,-66.825,38.68,24,0,6.44,BO,1690424302
237,tofol,5.3248,163.0078,81.97,78,100,5.75,FM,1690424302
238,huarmey,-10.0681,-78.1522,68.4,82,85,10.27,PE,1690424302
239,chonchi,-42.6128,-73.8092,47.12,98,100,2.64,CL,1690424028
240,kimbe,-5.5502,150.1429,88.72,59,98,9.71,PG,1690424302
241,sao vicente,-23.9631,-46.3919,78.28,26,2,4.76,BR,1690424155
242,pedernales,18.0384,-71.744,83.55,70,100,10.76,DO,1690424302
243,wailua homesteads,22.0669,-159.378,84.63,79,75,16.11,US,1690424028
244,egilsstadir,65.2653,-14.3948,42.71,93,75,12.66,IS,1690424303
245,brumadinho,-20.1433,-44.1997,66.72,63,100,1.57,BR,1690424303
246,katsuren-haebaru,26.3369,127.8719,86.02,84,100,16.11,JP,1690424303
247,freetown,8.484,-13.2299,77.25,89,98,4.99,SL,1690424303
248,sisimiut,66.9395,-53.6735,40.06,90,42,6.85,GL,1690424303
249,sambava,-14.2667,50.1667,69.55,82,55,12.48,MG,1690424303
250,san patricio,28.017,-97.5169,86.18,72,53,12.84,US,1690424304
251,mamuju,-2.6748,118.8885,84.33,64,28,1.92,ID,1690424304
252,ketchikan,55.3422,-131.6461,66.67,68,75,9.22,US,1690424304
253,kitimat,54.0524,-128.6534,68.68,64,90,5.01,CA,1690424304
254,katsuura,35.1333,140.3,84.07,71,22,8.41,JP,1690424304
255,suntar,62.1444,117.6319,66.25,54,96,9.33,RU,1690424304
256,jianguang,28.1938,115.7836,86.58,70,7,11.16,CN,1690424304
257,talladega,33.4359,-86.1058,81.07,83,0,0.0,US,1690424305
258,remire-montjoly,4.9167,-52.2667,77.04,94,75,0.0,GF,1690424022
259,vorgashor,67.5833,63.95,55.71,92,100,4.68,RU,1690424305
260,ashmun,30.2986,30.9764,85.05,52,0,4.65,EG,1690424305
261,kharabali,47.4196,47.2568,75.81,47,0,6.06,RU,1690424305
262,kailua-kona,19.6406,-155.9956,85.5,81,40,12.66,US,1690424305
263,karasburg,-28.0167,18.75,41.83,77,0,5.64,,1690424305
264,trinity beach,-16.7888,145.6968,77.02,83,75,21.85,AU,1690424306
265,muzaffarabad,34.37,73.4711,80.1,80,12,1.63,PK,1690424306
266,kavaratti,10.5669,72.642,82.65,73,100,13.62,IN,1690424306
267,fougamou,-1.2154,10.5838,69.71,94,38,2.17,GA,1690424306
268,kalabo,-14.97,22.6814,53.85,53,0,6.02,ZM,1690424306
269,letterkenny,54.95,-7.7333,59.97,98,100,6.69,IE,1690424306
270,bosaso,11.2842,49.1816,89.24,41,15,27.76,SO,1690424306
271,hamilton,39.1834,-84.5333,84.42,72,0,16.11,US,1690424267
272,amga,60.8953,131.9608,72.72,49,100,4.65,RU,1690424307
273,pacific grove,36.6177,-121.9166,70.25,89,100,9.22,US,1690424307
274,hasaki,35.7333,140.8333,102.31,73,13,10.71,JP,1690424307
275,vacaria,-28.5122,-50.9339,50.68,97,85,7.78,BR,1690424009
276,korsakov,46.6328,142.7813,82.24,67,89,12.71,RU,1690424307
277,saint-philippe,-21.3585,55.7679,65.79,82,55,10.83,RE,1690424307
278,alofi,-19.0595,-169.9187,76.89,65,75,3.44,NU,1690424124
279,chinde,26.8418,88.0763,71.29,79,94,2.8,NP,1690424308
280,east ballina,-28.8667,153.5833,67.8,51,19,5.08,AU,1690424308
281,san pedro pochutla,15.7333,-96.4667,83.91,91,57,5.35,MX,1690424308
282,silvania,-16.6589,-48.6081,64.02,41,0,4.56,BR,1690424308
283,ruidoso,33.3317,-105.673,84.27,27,0,9.22,US,1690424239
284,ugoofaaru,5.6667,73.0,82.27,72,100,2.48,MV,1690424309
285,vredendal,-31.6683,18.5012,54.19,90,100,4.56,ZA,1690424309
286,puerto carreno,6.189,-67.4859,79.11,84,100,5.06,CO,1690424309
287,port douglas,-16.4833,145.4667,74.55,67,36,15.55,AU,1690424309
288,hauterive,46.0901,3.4459,59.76,81,42,4.68,FR,1690424309
289,wuwei,37.9281,102.6414,79.92,34,100,2.1,CN,1690424309
290,fale old settlement,-9.3852,-171.2468,83.3,73,29,17.78,TK,1690424034
291,zaragoza,41.6561,-0.8773,70.81,55,0,6.91,ES,1690424034
292,formosa do rio preto,-11.0483,-45.1931,67.96,46,48,3.13,BR,1690424310
293,holualoa,19.6228,-155.9522,81.77,82,40,12.66,US,1690424310
294,revda,56.801,59.9303,59.85,93,60,3.47,RU,1690424310
295,qaqortoq,60.7167,-46.0333,43.97,83,89,3.22,GL,1690424055
296,santa elena de uairen,4.6167,-61.1333,67.75,94,100,1.59,VE,1690424023
297,georgetown,5.4112,100.3354,85.93,83,40,3.44,MY,1690424227
298,prey veng,11.4868,105.3253,84.56,69,100,7.2,KH,1690424311
299,zambezi,-13.5432,23.1047,53.35,51,0,5.06,ZM,1690424039
300,oamaru,-45.0784,170.9801,49.37,56,3,1.01,NZ,1690424311
301,manokwari,-0.8667,134.0833,83.28,71,54,5.53,ID,1690424054
302,westport,41.1415,-73.3579,79.02,78,0,6.91,US,1690424311
303,kalemie,-5.9475,29.1947,68.0,66,73,3.02,CD,1690424311
304,nova sintra,14.8667,-24.7167,73.51,85,71,16.2,CV,1690424311
305,ntoum,0.3833,9.7833,76.77,84,95,2.37,GA,1690424312
306,kirakira,-10.4544,161.9205,82.36,81,100,14.41,SB,1690424312
307,itapuranga,-15.5622,-49.9486,71.4,36,0,4.27,BR,1690424312
308,east london,-33.0153,27.9116,64.0,69,100,12.24,ZA,1690424312
309,valle de la pascua,9.2155,-66.0073,74.08,93,100,1.32,VE,1690424312
310,tam ky,15.5667,108.4833,89.56,56,100,4.38,VN,1690424312
311,tura,25.5198,90.2201,75.69,97,100,5.17,IN,1690424025
312,vadso,70.0744,29.7487,50.16,93,100,2.3,NO,1690424312
313,nar'yan-mar,67.6713,53.087,63.55,70,99,3.74,RU,1690424313
314,valentin gomez farias,28.2167,-106.5833,81.82,24,1,8.81,MX,1690424313
315,pimentel,-6.8367,-79.9342,71.89,83,0,16.11,PE,1690424313
316,durant,33.994,-96.3708,89.96,57,0,4.61,US,1690424093
317,hudiksvall,61.729,17.1036,52.66,93,69,4.21,SE,1690424313
318,kapa'a,22.0752,-159.319,85.98,79,75,16.11,US,1690424313
319,bardai,11.65,7.2333,73.09,84,97,8.93,NG,1690424313
320,laghouat,33.8,2.8651,84.7,18,0,8.08,DZ,1690424314
321,khilok,51.3674,110.4676,56.98,97,100,5.28,RU,1690424314
322,whakatane,-37.9585,176.9854,52.77,73,99,1.3,NZ,1690424314
323,shenkursk,62.1091,42.896,59.25,99,100,4.34,RU,1690424314
324,ulsteinvik,62.3432,5.8487,60.91,92,97,1.01,NO,1690424314
325,petropavlovsk-kamchatsky,53.0452,158.6483,72.19,64,20,11.18,RU,1690424314
326,mount gambier,-37.8333,140.7667,58.44,56,1,12.44,AU,1690424314
327,badger,64.8,-147.5333,85.51,52,75,0.0,US,1690424314
328,minot air force base,48.4209,-101.3391,80.98,49,0,5.75,US,1690424315
329,kalampaka,39.7044,21.6269,70.0,69,10,5.61,GR,1690424315
330,grand-bassam,5.2118,-3.7388,76.96,93,85,5.97,CI,1690424315
331,labuan,5.2767,115.2417,86.09,74,65,3.0,MY,1690424076
332,merizo village,13.2658,144.6691,81.37,91,100,11.72,GU,1690424315
333,buarcos,40.166,-8.8768,66.67,90,62,13.47,PT,1690424315
334,ingraj bazar,25.0,88.15,86.65,69,78,11.03,IN,1690424315
335,itaituba,-4.2761,-55.9836,77.02,58,20,0.69,BR,1690424315
336,dalbandin,28.8947,64.4101,83.1,65,62,6.73,PK,1690424315
337,mersa matruh,31.3525,27.2453,79.75,75,0,8.41,EG,1690424316
338,afaahiti,-17.75,-149.2833,75.07,83,69,5.91,PF,1690424316
339,geraldton,-28.7667,114.6,57.61,88,100,6.91,AU,1690424050
340,bairnsdale,-37.8333,147.6167,62.78,29,0,2.33,AU,1690424316
341,masterton,-40.9597,175.6575,45.9,86,95,7.96,NZ,1690424316
342,dalandzadgad,43.5708,104.425,79.29,31,9,10.71,MN,1690424317
343,vryheid,-27.7695,30.7917,52.12,55,0,7.23,ZA,1690424317
344,diego martin,10.7005,-61.5342,77.4,94,82,7.14,TT,1690424317
345,along,28.1667,94.7667,77.67,88,93,1.34,IN,1690424318
346,flying fish cove,-10.4217,105.6791,78.48,83,100,11.5,CX,1690424077
347,dalnegorsk,44.5604,135.5701,89.53,42,20,5.01,RU,1690424318
348,abepura,-2.6333,140.5833,79.61,78,40,9.22,ID,1690424318
349,imamoglu,37.2651,35.6572,76.23,68,0,0.87,TR,1690424318
350,yaren,-0.5472,166.916,83.95,76,40,9.95,NR,1690424318
351,north bend,43.4065,-124.2243,65.16,82,0,19.57,US,1690424318
352,hemsby,52.6971,1.6918,61.41,95,100,15.77,GB,1690424319
353,aripuana,-9.1667,-60.6333,74.77,54,13,0.83,BR,1690424319
354,tuxpan,19.55,-103.4,71.55,91,92,1.1,MX,1690424319
355,kiama,-34.6833,150.8667,69.26,64,0,10.0,AU,1690424319
356,brookhaven,31.5791,-90.4407,80.8,58,0,4.61,US,1690424093
357,takoradi,4.8845,-1.7554,75.29,93,97,5.55,GH,1690424175
358,simga,21.6333,81.7,83.25,74,36,10.11,IN,1690424319
359,khanty-mansiysk,61.0042,69.0019,62.71,82,0,4.47,RU,1690424319
360,port saint john's,-31.6229,29.5448,66.51,65,40,19.51,ZA,1690424032
361,malakal,9.5334,31.6605,70.38,98,100,2.77,SS,1690424320
362,saint-pierre,-21.3393,55.4781,65.88,82,100,5.75,RE,1690424029
363,nyurba,63.2842,118.3319,65.28,50,86,6.73,RU,1690424320
364,ola,59.5833,151.2833,62.15,98,100,9.33,RU,1690424320
365,newnham,-41.3833,147.1333,54.55,70,100,19.57,AU,1690424047
366,iquique,-20.2208,-70.1431,64.44,84,59,1.79,CL,1690424320
367,chalus,36.655,51.4204,72.86,88,40,0.0,IR,1690424320
368,rio de janeiro,-22.9028,-43.2075,73.36,83,0,8.05,BR,1690424320
369,kulhudhuffushi,6.6221,73.07,82.2,72,98,5.26,MV,1690424320
370,usinsk,65.9939,57.5281,61.54,85,62,4.25,RU,1690424321
371,rawai,7.7797,98.3253,86.99,73,99,17.36,TH,1690424321
372,puyang,29.4603,119.8861,86.2,63,39,9.55,CN,1690424321
373,kangding,30.0513,101.9603,68.63,78,73,2.68,CN,1690424321
374,mweka,-4.85,21.5667,69.42,45,12,2.04,CD,1690424174
375,vangaindrano,-23.35,47.6,64.33,72,72,4.09,MG,1690424321
376,papao,-17.75,-149.55,76.68,82,39,6.04,PF,1690424321
377,pithiviers,48.1667,2.25,64.83,74,90,11.16,FR,1690424139
378,vila franca do campo,37.7167,-25.4333,68.41,85,0,4.9,PT,1690424322
379,salahonda,2.1019,-78.7217,80.06,84,18,9.35,CO,1690424322
380,cabo san lucas,22.8909,-109.9124,90.61,74,20,10.36,MX,1690424322
381,nieuw amsterdam,5.8833,-55.0833,79.02,88,100,6.71,SR,1690424322
382,fortuna,40.5982,-124.1573,65.91,74,0,12.66,US,1690424056
383,ust'-uda,54.1742,103.0304,70.14,62,19,8.57,RU,1690424322
384,lerwick,60.1545,-1.1494,50.0,87,0,2.57,GB,1690424322
385,la'ie,21.6477,-157.9253,87.76,74,20,16.62,US,1690424322
386,okhotsk,59.3833,143.3,63.34,83,96,2.28,RU,1690424067
387,salinas,36.6777,-121.6555,73.8,78,100,17.27,US,1690424323
388,lagrange,33.0393,-85.0313,81.27,76,43,3.78,US,1690424148
389,kabalo,-6.05,26.9167,71.1,34,99,3.94,CD,1690424323
390,komatipoort,-25.4332,31.9548,57.81,69,0,4.45,ZA,1690424323
391,tsiombe,-25.3,45.4833,64.45,57,0,13.0,MG,1690424323
392,obo,5.3998,26.4869,68.31,98,100,4.09,CF,1690424323
393,santa cruz,-17.8,-63.1667,67.46,56,75,16.11,BO,1690424323
394,porto torres,40.835,8.3972,64.58,70,82,7.76,IT,1690424323
395,chibougamau,49.9168,-74.3659,67.62,68,100,5.61,CA,1690424070
396,america dourada,-11.4553,-41.4361,65.89,84,27,9.46,BR,1690424324
397,devarkonda,16.7,78.9333,73.62,93,100,22.82,IN,1690424324
398,zemetchino,53.4973,42.6163,66.29,90,19,7.81,RU,1690424324
399,fortaleza,-3.7227,-38.5247,80.73,78,0,11.5,BR,1690424079
400,villanueva de cordoba,38.3228,-4.6287,63.54,44,0,3.78,ES,1690424324
401,tateyama,34.9833,139.8667,82.6,76,12,9.33,JP,1690424324
402,peace river,56.2501,-117.286,64.71,82,100,6.91,CA,1690424324
403,laguna,38.421,-121.4238,95.45,38,0,14.97,US,1690424150
404,qui nhon,13.7667,109.2333,87.57,64,96,12.62,VN,1690424325
405,yamba,-5.9,22.3,69.33,38,19,2.1,CD,1690424325
406,bikenibeu village,1.3673,173.1241,87.76,70,40,6.91,KI,1690424325
407,matiguas,12.8373,-85.4622,73.63,89,98,4.16,NI,1690424325
408,bakchar,57.0186,82.0711,66.43,81,48,3.24,RU,1690424325
409,howard springs,-12.497,131.047,82.31,25,100,5.23,AU,1690424325
410,tangalle,6.024,80.7911,78.96,82,100,9.89,LK,1690424049
411,an nuhud,12.7,28.4333,75.9,66,100,12.73,SD,1690424325
412,howrah,22.5892,88.3103,84.2,89,75,8.05,IN,1690424033
413,necochea,-38.5473,-58.7368,47.8,71,100,14.76,AR,1690424326
414,castillos,-34.1667,-53.8333,49.21,80,0,13.6,UY,1690424063
415,walvis bay,-22.9575,14.5053,51.1,81,0,1.74,,1690424326
416,carhuaz,-9.2819,-77.6447,58.23,62,29,1.88,PE,1690424326
417,qarauyl,48.9451,79.255,75.13,31,100,3.27,KZ,1690424326
418,koryazhma,61.3143,47.1691,59.85,99,100,7.18,RU,1690424326
419,beyla,8.6833,-8.6333,67.26,99,54,2.98,GN,1690424326
420,ankang,32.68,109.0172,79.63,82,100,2.51,CN,1690424327
421,beloyarskiy,63.7119,66.6722,57.97,98,100,5.7,RU,1690424327
422,eyl,7.9803,49.8164,76.64,66,58,23.87,SO,1690424327
423,anzio,41.4853,12.6179,73.27,60,2,5.77,IT,1690424327
424,mawu,29.5923,107.3139,74.25,95,100,0.92,CN,1690424327
425,tori-fatehpur,25.45,79.1333,89.58,60,100,7.54,IN,1690424327
426,tamandare,-8.7597,-35.1047,74.21,86,43,5.64,BR,1690424327
427,nogliki,51.8333,143.1667,62.71,97,100,9.84,RU,1690424327
428,gadzhiyevo,69.2551,33.3362,50.36,95,100,1.88,RU,1690424327
429,chapaev,50.2,51.1667,76.1,48,5,6.73,KZ,1690424328
430,seneca,41.1167,-83.1166,84.27,75,98,19.53,US,1690424328
431,madras,13.0878,80.2785,82.38,77,75,9.22,IN,1690424328
432,dumas,35.8656,-101.9732,86.61,28,0,10.36,US,1690424328
433,cockburn town,21.4612,-71.1419,83.43,84,74,21.39,TC,1690424328
434,sandpoint,48.2766,-116.5533,80.85,29,0,4.61,US,1690424206
435,greymouth,-42.4667,171.2,49.23,66,92,9.37,NZ,1690424328
436,copala,16.65,-98.9833,81.19,81,14,1.28,MX,1690424328
437,markala,13.7021,-6.0659,85.86,55,100,11.05,ML,1690424329
438,portland,45.5234,-122.6762,82.45,36,75,10.36,US,1690424202
439,loukhi,66.0764,33.0381,51.58,93,17,1.63,RU,1690424329
440,moyale,3.5167,39.0584,66.65,62,99,13.31,KE,1690424329
441,hakha,22.65,93.6167,68.49,80,77,2.01,MM,1690424329
442,auki,-8.7676,160.7034,79.12,89,100,5.75,SB,1690424329
443,praia,14.9215,-23.5087,79.34,83,75,12.66,CV,1690424329
444,hajjah,15.6943,43.6058,73.36,53,39,1.5,YE,1690424329
445,oranjemund,-28.55,16.4333,52.63,73,0,6.2,,1690424330
446,balsta,59.5671,17.5278,51.87,93,14,5.97,SE,1690424330
447,renfrew,55.872,-4.3925,57.34,90,100,10.36,GB,1690424330
448,hailin,44.5833,129.4167,81.7,66,61,5.95,CN,1690424330
449,shwebo,22.5667,95.7,85.46,65,72,11.54,MM,1690424330
450,fendou,46.65,124.8667,83.52,71,98,16.84,CN,1690424330
451,crane,31.3974,-102.3501,90.05,28,14,15.32,US,1690424330
452,palapag,12.5458,125.1147,87.58,63,100,8.7,PH,1690424330
453,motueka,-41.1333,173.0167,57.09,48,4,9.84,NZ,1690424331
454,"laikit, laikit ii (dimembe)",1.4792,124.9735,86.85,55,20,17.27,ID,1690424331
455,jiazi,22.8779,116.067,86.13,71,99,8.23,CN,1690424331
456,thurso,58.5927,-3.5259,53.85,86,35,17.31,GB,1690424331
457,vila velha,-20.3297,-40.2925,69.94,89,40,2.3,BR,1690424142
458,tshikapa,-6.4167,20.8,71.87,35,48,2.37,CD,1690424331
459,punta arenas,-53.15,-70.9167,31.23,78,16,8.79,CL,1690424221
460,lecheng,25.1238,113.3254,90.63,61,38,3.2,CN,1690424331
461,basyun,30.9398,30.8134,75.2,68,0,0.65,EG,1690424332
462,vilhena,-12.7406,-60.1458,70.83,49,5,3.87,BR,1690424332
463,bor,56.3567,44.0669,69.73,92,4,10.92,RU,1690424332
464,berezna,51.5716,31.7846,62.11,97,78,6.69,UA,1690424332
465,zhangye,38.9342,100.4517,85.95,22,100,4.94,CN,1690424332
466,east end,34.5507,-92.341,88.9,83,72,5.97,US,1690424332
467,barhi,23.9,80.8,86.09,61,95,6.85,IN,1690424332
468,urangan,-25.3,152.9,68.2,83,91,13.89,AU,1690424332
469,ciudad lazaro cardenas,17.9583,-102.2,83.08,75,61,5.35,MX,1690424332
470,salalah,17.0151,54.0924,77.09,94,100,8.05,OM,1690424175
471,vallenar,-28.5708,-70.7581,59.49,71,100,1.68,CL,1690424333
472,boa vista,2.8197,-60.6733,76.98,88,40,3.44,BR,1690424189
473,arkadak,51.9326,43.4978,70.36,57,87,8.32,RU,1690424333
474,eno,62.8051,30.1542,52.09,84,98,2.15,FI,1690424333
475,puntarenas,9.9763,-84.8384,80.78,83,100,3.6,CR,1690424333
476,ribeira brava,32.65,-17.0667,72.23,72,1,3.91,PT,1690424333
477,birobidzhan,48.8,132.95,84.76,55,2,4.52,RU,1690424333
478,danbury,41.3948,-73.454,77.47,81,0,8.05,US,1690424333
479,belomorsk,64.5232,34.7668,51.13,95,8,2.01,RU,1690424334
480,lubang,13.8584,120.124,83.16,83,94,31.03,PH,1690424334
481,yahualica de gonzalez gallo,21.1333,-102.85,63.61,89,100,3.22,MX,1690424334
482,tindouf,27.6711,-8.1474,77.45,29,0,18.41,DZ,1690424334
483,mandera,3.9366,41.867,74.89,60,59,15.32,KE,1690424334
484,barentu,15.1139,37.5928,69.33,83,98,7.05,ER,1690424334
485,kilju,40.9642,129.3278,89.71,47,84,4.03,KP,1690424334
486,polyarnyy,69.1989,33.4478,50.49,96,100,1.92,RU,1690424334
487,neiafu,-18.65,-173.9833,75.88,69,100,4.61,TO,1690424335
488,tshabong,-26.05,22.45,51.06,40,0,7.34,BW,1690424335
489,singerei,47.6667,28.1667,64.65,93,100,11.97,MD,1690424335
490,benguela,-12.5763,13.4055,68.16,84,74,5.28,AO,1690424335
491,ilhabela,-23.7781,-45.3581,72.41,60,12,3.33,BR,1690424335
492,mossel bay,-34.1831,22.146,53.53,80,33,5.68,ZA,1690424335
493,ouadda,8.0777,22.4007,69.28,93,100,1.36,CF,1690424335
494,vorkuta,67.5,64.0,56.62,91,100,4.56,RU,1690424335
495,zheleznodorozhnyy,55.7503,38.0042,63.12,91,100,3.44,RU,1690424335
496,sao raimundo nonato,-9.0153,-42.6994,72.57,45,87,2.15,BR,1690424336
497,celestun,20.8667,-90.4,82.9,74,100,18.34,MX,1690424038
498,tabou,4.423,-7.3528,75.99,90,99,8.14,CI,1690424058
499,melekeok village,7.4957,134.6367,77.56,94,100,16.11,PW,1690424336
500,akureyri,65.6835,-18.0878,48.13,76,100,4.61,IS,1690424336
501,iskilip,40.7353,34.4739,71.64,30,0,1.81,TR,1690424336
502,bonthe,7.5264,-12.505,75.88,92,92,4.68,SL,1690424054
503,minas de marcona,-15.2119,-75.1103,54.01,87,48,11.72,PE,1690424238
504,xilin hot,43.9667,116.0333,78.53,53,0,8.75,CN,1690424052
505,broome,42.2506,-75.833,75.69,77,0,8.99,US,1690424337
506,wooster,40.8051,-81.9351,82.29,75,0,10.36,US,1690424273
507,drayton valley,53.2168,-114.9854,53.06,85,100,17.29,CA,1690424110
508,fada,9.5667,8.3,68.11,93,98,2.19,NG,1690424337
509,conduaga,8.862,117.4893,85.32,68,69,14.36,PH,1690424337
510,aykhal,66.0,111.5,61.43,59,100,8.23,RU,1690424337
511,selfoss,63.9331,-20.9971,49.05,72,100,9.01,IS,1690424337
512,caleta de carquin,-11.0925,-77.6267,67.28,80,49,9.08,PE,1690424337
513,turbat,26.0023,63.044,84.06,79,100,2.33,PK,1690424337
514,harper,4.375,-7.7169,76.06,90,99,8.99,LR,1690424338
515,watsa,3.0372,29.5355,64.04,99,99,1.54,CD,1690424338
516,moroto,2.5345,34.6666,66.58,80,97,5.93,UG,1690424338
517,kayyerkan,69.3786,87.7439,78.3,61,95,2.17,RU,1690424338
518,fort mcmurray,56.7268,-111.381,60.39,88,100,4.61,CA,1690424127
519,as sulayyil,20.4607,45.5779,86.25,10,85,8.72,SA,1690424338
520,sol'-iletsk,51.1631,54.9918,72.18,60,7,2.82,RU,1690424338
521,zhangatas,43.5667,69.75,82.96,33,42,12.1,KZ,1690424338
522,emerald,-23.5333,148.1667,68.34,56,81,15.43,AU,1690424338
523,hafar al-batin,28.4328,45.9708,86.58,19,0,4.61,SA,1690424339
524,sao tome,0.3365,6.7273,75.29,87,84,9.01,ST,1690424339
525,sur,22.5667,59.5289,82.11,75,80,11.43,OM,1690424339
526,sangaria,29.8,74.45,84.92,76,100,3.91,IN,1690424339
527,rodna,47.4167,24.8167,59.38,99,100,4.03,RO,1690424339
528,batesburg-leesville,33.9101,-81.5373,82.71,74,82,6.22,US,1690424339
529,nantucket,41.2835,-70.0995,75.99,96,5,14.58,US,1690424339
530,mukalla,14.5425,49.1242,83.53,68,40,1.59,YE,1690424340
531,lazaro cardenas,17.9583,-102.2,83.08,75,61,5.35,MX,1690424340
532,arteche,12.2645,125.4048,87.66,62,96,7.61,PH,1690424340
533,sakaiminato,35.55,133.2333,91.33,69,0,3.51,JP,1690424048
534,lichinga,-13.3128,35.2406,49.96,88,21,5.66,MZ,1690424340
535,acarau,-2.8856,-40.12,78.33,83,11,16.35,BR,1690424340
536,almeirim,-1.5233,-52.5817,79.75,69,52,2.26,BR,1690424340
537,inhambane,-23.865,35.3833,64.62,70,11,4.59,MZ,1690424340
538,matadi,-5.8167,13.45,70.9,87,2,3.4,CD,1690424341
539,manggar,-2.8833,108.2667,83.7,70,34,14.14,ID,1690424341
540,irtyshsk,53.3333,75.4572,63.41,88,100,11.34,KZ,1690424341
541,grassano,40.6346,16.2779,62.01,63,4,5.91,IT,1690424341
542,talcher,20.95,85.2167,83.41,81,33,11.77,IN,1690424341
543,tasek glugor,5.4803,100.4985,85.93,84,40,3.44,MY,1690424341
544,inari,68.906,27.0288,52.0,93,92,1.52,FI,1690424341
545,luganville,-15.5333,167.1667,72.81,83,100,13.29,VU,1690424342
546,benton,36.3334,-94.3335,87.71,67,0,5.75,US,1690424077
547,cimitarra,6.3142,-73.9497,77.88,83,53,2.17,CO,1690424342
548,tippi,7.2,35.45,63.39,99,99,1.95,ET,1690424342
549,el nido,11.1858,119.3956,84.24,77,96,22.32,PH,1690424342
550,ermoupolis,37.4423,24.9425,84.9,61,78,9.22,GR,1690424342
551,penza,53.2007,45.0046,65.7,88,53,6.85,RU,1690424343
552,leava,-14.3,-178.1667,79.02,74,85,13.33,WF,1690424343
553,shulan,44.4167,126.95,83.17,65,86,13.35,CN,1690424343
554,quellon,-43.1167,-73.6167,44.85,100,100,2.3,CL,1690424343
555,kokpekty,48.75,82.4,82.58,23,97,2.8,KZ,1690424343
556,camiri,-20.05,-63.5167,58.17,65,94,3.6,BO,1690424343
557,sogel,52.85,7.5167,55.6,88,100,1.14,DE,1690424344
558,krasnyy chikoy,50.3643,108.7512,68.52,68,79,4.63,RU,1690424344
559,nicoya,10.1483,-85.452,76.66,87,100,3.89,CR,1690424344
560,campos belos,-13.0367,-46.7717,69.28,38,14,3.53,BR,1690424048
561,tazovsky,67.4667,78.7,65.12,76,11,2.46,RU,1690424344
562,hobyo,5.3505,48.5268,75.7,83,58,22.1,SO,1690424344
563,mugia,43.1041,-9.2179,65.91,79,99,7.07,ES,1690424345
564,mandal,25.45,74.5667,82.0,77,100,9.31,IN,1690424345
565,chak jhumra,31.5678,73.1835,78.73,93,100,11.39,PK,1690424345
566,new norfolk,-42.7826,147.0587,55.92,58,100,4.0,AU,1690424066
567,santa marta de ortigueira,43.6833,-7.85,64.26,86,97,3.2,ES,1690424345
568,rio grande,-32.035,-52.0986,53.94,87,2,15.43,BR,1690424345
569,xining,36.6167,101.7667,59.14,83,100,3.04,CN,1690424345
570,kolwezi,-10.7148,25.4667,56.48,49,24,7.7,CD,1690424346
571,santiago de cuba,20.0247,-75.8219,84.31,70,40,6.91,CU,1690424346
572,jayapura,-2.5333,140.7,79.99,95,100,6.82,ID,1690424346
573,rupert,42.6191,-113.6772,84.18,26,0,4.61,US,1690424346
574,baneh,35.9975,45.8853,68.43,48,0,6.35,IR,1690424346
575,talcahuano,-36.7167,-73.1167,280.97,100,58,0.0,CL,1690424407
576,port-aux-francais,-49.35,70.2167,277.59,78,90,16.12,TF,1690424407
577,port alfred,-33.5906,26.891,289.49,82,92,4.77,ZA,1690424407
578,saint-leu,-21.15,55.2833,291.63,76,47,5.22,RE,1690424407
579,midleton,51.9153,-8.1805,289.33,97,100,4.96,IE,1690424407
580,port elizabeth,-33.918,25.5701,285.31,71,0,3.09,ZA,1690424407
581,margaret river,-33.95,115.0667,286.73,68,97,5.36,AU,1690424269
582,touros,-5.1989,-35.4608,297.03,89,34,5.09,BR,1690424408
583,hami,42.8,93.45,307.87,10,0,4.35,CN,1690424408
584,stiens,53.2623,5.7577,288.7,84,100,2.57,NL,1690424409
585,grytviken,-54.2811,-36.5092,274.02,98,100,5.05,GS,1690424409
586,lompoc,34.6391,-120.4579,297.23,84,100,5.81,US,1690424410
587,invercargill,-46.4,168.35,280.57,70,100,7.29,NZ,1690424270
588,haiku-pauwela,20.9219,-156.3051,301.58,69,40,11.32,US,1690424410
589,olonkinbyen,70.9221,-8.7187,277.8,90,100,4.7,SJ,1690424410
590,hithadhoo,-0.6,73.0833,301.47,78,31,7.31,MV,1690424410
591,kyshtovka,56.555,76.6271,292.68,71,72,0.63,RU,1690424410
592,waitangi,-43.9535,-176.5597,281.38,88,81,0.89,NZ,1690424411
593,taoudenni,22.6783,-3.9836,310.66,23,25,3.96,ML,1690424411
594,anadyr,64.75,177.4833,286.43,82,75,5.0,RU,1690424411
595,lethem,3.3803,-59.7968,297.54,91,100,0.79,GY,1690424411
596,blackmans bay,-43.0167,147.3167,285.78,72,100,2.03,AU,1690424411
597,keflavik,64.0049,-22.5624,283.39,87,20,5.14,IS,1690424411
598,lagoa,39.05,-27.9833,295.36,92,41,7.25,PT,1690424271
599,ribeira grande,38.5167,-28.7,296.36,96,42,0.89,PT,1690424412
600,edinburgh of the seven seas,-37.0676,-12.3116,283.91,52,62,10.43,SH,1690424412
601,bamboo flat,11.7,92.7167,302.2,84,40,5.14,IN,1690424412
602,utrik,11.2278,169.8474,301.4,79,100,8.1,MH,1690424412
603,stanley,54.868,-1.6985,286.64,94,75,1.54,GB,1690424412
604,erdenet,49.0333,104.0833,292.71,57,36,1.88,MN,1690424273
605,adamstown,-25.066,-130.1015,292.94,63,42,6.66,PN,1690424413
606,shiprock,36.7855,-108.687,307.34,24,70,2.93,US,1690424273
607,albany,42.6001,-73.9662,298.38,81,100,2.06,US,1690424413
608,severo-yeniseyskiy,60.3725,93.0408,289.13,93,100,1.15,RU,1690424413
609,papatowai,-46.5619,169.4708,280.06,71,100,9.81,NZ,1690424413
610,chegdomyn,51.1167,133.0167,298.55,58,43,1.4,RU,1690424273
611,kelso,46.1468,-122.9084,300.13,46,0,3.6,US,1690424414
612,thai nguyen,21.5928,105.8442,305.03,66,99,0.98,VN,1690424414
613,hermanus,-34.4187,19.2345,284.92,83,0,2.86,ZA,1690424414
614,pathein,16.7833,94.7333,302.15,77,39,4.81,MM,1690424414
615,avarua,-21.2078,-159.775,297.18,69,75,2.06,CK,1690424274
616,port augusta,-32.5,137.7667,293.99,35,84,10.13,AU,1690424299
617,galliano,29.4422,-90.2992,303.15,67,1,3.16,US,1690424415
618,parthenay,46.6667,-0.4167,290.03,99,34,3.53,FR,1690424274
619,thompson,55.7435,-97.8558,287.24,82,100,1.03,CA,1690424415
620,fort bragg,35.139,-79.006,302.49,77,0,2.57,US,1690424275
621,dryden,49.7833,-92.7503,296.31,83,100,2.57,CA,1690424275
622,longyearbyen,78.2186,15.6401,284.06,71,75,1.03,SJ,1690424415
623,tevriz,57.509,72.4042,291.85,73,13,2.16,RU,1690424415
624,puerto real,36.5282,-6.1901,294.24,88,20,2.57,ES,1690424415
625,greenville,35.6127,-77.3663,301.12,90,0,3.6,US,1690424416
626,college,64.8569,-147.8028,302.92,53,75,1.79,US,1690424416
627,codrington,-38.2667,141.9667,287.64,63,1,8.03,AU,1690424416
628,lionel town,17.8101,-77.2406,304.09,81,96,1.4,JM,1690424275
629,aktau,43.65,51.2,295.47,73,0,3.44,KZ,1690424416
630,midvagur,62.0511,-7.1939,281.61,81,100,4.12,FO,1690424416
631,ancud,-41.8697,-73.8203,281.12,91,100,2.21,CL,1690424417
632,lauro de freitas,-12.8944,-38.3272,298.16,88,75,3.6,BR,1690424276
633,whitehorse,60.7161,-135.0538,293.88,61,100,6.71,CA,1690424417
634,puerto ayora,-0.7393,-90.3518,297.9,93,84,2.68,EC,1690424417
635,shahrinav,38.5709,68.335,300.7,23,1,1.39,TJ,1690424276
636,lihue,21.9789,-159.3672,302.73,73,75,7.2,US,1690424417
637,zouerate,22.7187,-12.4521,303.85,22,41,8.64,MR,1690424418
638,muisne,0.6,-80.0333,298.5,80,91,2.86,EC,1690424418
639,bilibino,68.0546,166.4372,284.63,68,100,1.86,RU,1690424418
640,kerikeri,-35.2268,173.9474,288.1,82,16,1.34,NZ,1690424418
641,west island,-12.1568,96.8225,297.14,88,75,11.32,CC,1690424418
642,hawaiian paradise park,19.5933,-154.9731,300.88,84,75,4.12,US,1690424277
643,machico,32.7,-16.7667,295.5,74,20,2.06,PT,1690424419
644,nuuk,64.1835,-51.7216,278.49,100,100,6.69,GL,1690424419
645,alice springs,-23.7,133.8833,295.9,49,40,5.14,AU,1690424419
646,borgarnes,64.5383,-21.9206,283.18,89,100,5.14,IS,1690424419
647,west plains,36.7281,-91.8524,302.64,70,0,3.09,US,1690424419
648,antofagasta,-23.65,-70.4,290.75,84,68,1.33,CL,1690424420
649,bethel,41.3712,-73.414,298.32,80,0,3.6,US,1690424420
650,florence,43.7667,11.25,293.45,86,0,0.51,IT,1690424420
651,talakan,50.3167,130.3667,302.39,47,9,0.85,RU,1690424278
652,beni,0.5,29.4667,289.27,98,32,0.42,CD,1690424420
653,ramanuj ganj,23.8,83.7,301.36,70,72,2.77,IN,1690424278
654,weno,7.4515,151.8468,301.56,74,22,3.17,FM,1690424421
655,kapuskasing,49.4169,-82.4331,292.2,94,75,1.03,CA,1690424421
656,iqaluit,63.7506,-68.5145,280.0,87,40,1.54,CA,1690424279
657,lebu,-37.6167,-73.65,281.76,85,86,0.28,CL,1690424421
658,concordia,-31.393,-58.0209,280.81,97,100,2.28,AR,1690424421
659,soio,-6.1349,12.3689,293.96,90,5,2.79,AO,1690424421
660,santa ana,33.7456,-117.8678,310.6,46,0,4.63,US,1690424421
661,lincoln,40.8,-96.667,305.3,76,0,2.57,US,1690424336
662,prince rupert,54.3161,-130.3201,290.2,82,20,5.14,CA,1690424422
663,kingston,17.997,-76.7936,303.68,74,20,4.12,JM,1690424419
664,ust-nera,64.5667,143.2,287.57,58,100,3.31,RU,1690424423
665,playa blanca,28.8643,-13.8281,295.26,77,9,8.38,ES,1690424423
666,kirensk,57.7853,108.1119,297.11,64,99,1.49,RU,1690424280
667,la ronge,55.1001,-105.2842,285.29,87,100,6.69,CA,1690424423
668,dhidhdhoo,6.8833,73.1,300.88,75,90,2.77,MV,1690424280
669,kodiak,57.79,-152.4072,287.88,82,100,3.09,US,1690424424
670,banda aceh,5.5577,95.3222,302.41,65,100,5.07,ID,1690424402
671,klaksvik,62.2266,-6.589,281.66,84,68,3.43,FO,1690424424
672,hlukhiv,51.6782,33.9162,289.74,94,63,3.0,UA,1690424424
673,kawambwa,-9.7915,29.0791,286.47,58,25,4.07,ZM,1690424424
674,malvan,16.0667,73.4667,298.54,90,100,8.82,IN,1690424424
675,ushuaia,-54.8,-68.3,272.96,69,0,2.57,AR,1690424425
676,terrace,54.5163,-128.6035,293.27,52,75,3.09,CA,1690424407
677,tolanaro,-25.0319,46.9987,292.07,60,85,4.66,MG,1690424425
678,saint croix,17.7397,-64.7388,300.4,78,0,4.63,VI,1690424425
679,pandan,14.0453,124.1694,303.18,71,100,6.5,PH,1690424425
680,tiksi,71.6872,128.8694,280.89,71,33,2.85,RU,1690424425
681,enewetak,11.3474,162.3373,301.68,77,100,6.01,MH,1690424281
682,luderitz,-26.6481,15.1594,285.45,70,0,3.24,,1690424425
683,yellowknife,62.456,-114.3525,297.44,33,20,6.17,CA,1690424398
684,abra pampa,-22.7205,-65.697,277.16,53,4,1.44,AR,1690424426
685,ocean city,39.2776,-74.5746,298.14,89,5,4.57,US,1690424282
686,tazacorte,28.629,-17.9293,295.69,80,75,6.69,ES,1690424426
687,buka,40.8108,69.1986,303.92,16,4,3.98,UZ,1690424426
688,souillac,-20.5167,57.5167,292.36,94,20,1.54,MU,1690424427
689,usogorsk,63.4106,48.6872,288.33,73,100,2.8,RU,1690424427
690,praia da vitoria,38.7333,-27.0667,295.24,88,20,2.93,PT,1690424427
691,namibe,-15.1961,12.1522,288.58,91,69,3.97,AO,1690424283
692,kudahuvadhoo,2.6708,72.8944,301.4,78,36,4.92,MV,1690424427
693,puerto natales,-51.7236,-72.4875,271.77,92,100,1.18,CL,1690424427
694,iskateley,67.6803,53.1512,290.56,71,99,1.68,RU,1690424283
695,inarajan village,13.2736,144.7484,300.81,91,100,5.32,GU,1690424284
696,ulanhot,46.0833,122.0833,299.38,66,100,3.16,CN,1690424284
697,okondja,-0.6549,13.6753,296.2,82,62,0.73,GA,1690424428
698,isafjordur,66.0755,-23.124,280.08,87,99,5.26,IS,1690424429
699,mga,59.75,31.0667,289.11,99,44,2.14,RU,1690424289
700,beau vallon,-20.4189,57.6953,292.71,94,20,1.54,MU,1690424429
701,hammerfest,70.6634,23.6821,284.4,87,100,2.57,NO,1690424429
702,port mathurin,-19.6833,63.4167,296.78,79,51,7.81,MU,1690424429
703,nabire,-3.3667,135.4833,303.26,66,70,1.29,ID,1690424429
704,prado,-17.3411,-39.2208,295.83,68,82,2.2,BR,1690424285
705,kosh-agach,50.0,88.6667,291.66,39,94,1.2,RU,1690424285
706,st. john's,47.5649,-52.7093,292.47,84,100,9.26,CA,1690424430
707,nemuro,43.3236,145.575,292.83,91,100,3.09,JP,1690424430
708,talnakh,69.4865,88.3972,298.82,53,81,2.72,RU,1690424430
709,saipan,15.1355,145.701,301.54,100,40,5.66,MP,1690424286
710,khandyga,62.6667,135.6,295.25,30,0,5.46,RU,1690424431
711,rehoboth,-23.3167,17.0833,284.97,25,0,1.12,,1690424431
712,udachny,66.4167,112.4,295.07,52,99,4.71,RU,1690424431
713,boca do acre,-8.7522,-67.3978,298.25,52,52,0.93,BR,1690424286
714,humanes de madrid,40.2504,-3.8306,297.73,37,0,0.45,ES,1690424431
715,sitka,57.0531,-135.33,289.09,82,100,1.54,US,1690424287
716,guerrero negro,27.9769,-114.0611,295.31,73,4,6.33,MX,1690424431
717,santa marta,11.2408,-74.199,301.18,83,75,4.12,CO,1690424351
718,jamestown,42.097,-79.2353,294.92,97,100,5.14,US,1690424432
719,ulladulla,-35.35,150.4667,292.64,30,0,2.78,AU,1690424287
720,kone,-21.0595,164.8658,297.6,39,0,4.38,NC,1690424432
721,palikir - national government center,6.9248,158.1611,303.62,70,75,4.12,FM,1690424432
722,ilulissat,69.2167,-51.1,281.16,66,0,2.06,GL,1690424433
723,rio preto da eva,-2.6994,-59.6997,298.71,57,16,1.28,BR,1690424433
724,severobaykal'sk,55.65,109.3167,287.03,86,100,1.38,RU,1690424433
725,woolgoolga,-30.1106,153.2007,292.62,54,0,2.93,AU,1690424433
726,kolonia,50.9333,6.95,290.86,67,0,4.12,DE,1690424145
727,taroa,8.7058,171.2275,301.29,78,100,5.07,MH,1690424434
728,vilyuchinsk,52.9306,158.4028,296.3,80,99,3.17,RU,1690424434
729,basco,20.4487,121.9702,302.87,73,100,14.7,PH,1690424434
730,tizi-n-tleta,36.5457,4.0571,296.0,50,0,2.28,DZ,1690424434
731,woods creek,47.8787,-121.8985,296.42,58,77,2.24,US,1690424289
732,jastrowie,53.4205,16.8176,283.37,93,3,2.41,PL,1690424435
733,atafu village,-8.5421,-172.5159,301.67,75,100,8.04,TK,1690424435
734,colombo,6.9319,79.8478,299.23,86,100,2.8,LK,1690424275
735,aasiaat,68.7098,-52.8699,275.23,96,32,3.02,GL,1690424289
736,princeville,45.7668,-61.2985,295.55,83,0,4.63,CA,1690424435
737,constantia,44.1833,28.65,293.54,84,99,6.07,RO,1690424435
738,whangarei,-35.7317,174.3239,286.2,84,54,5.3,NZ,1690424435
739,kenai,60.5544,-151.2583,288.23,90,100,5.66,US,1690424435
740,ingeniero jacobacci,-41.3427,-69.5448,273.93,86,99,1.1,AR,1690424436
741,broken hill,-31.95,141.4333,292.2,33,3,9.2,AU,1690424436
742,port lincoln,-34.7333,135.8667,290.74,56,100,9.28,AU,1690424271
743,puerto baquerizo moreno,-0.9,-89.6,297.28,80,99,5.35,EC,1690424436
744,markaz-e hukumat-e darweshan,31.1323,64.1934,304.5,25,1,4.04,AF,1690424436
745,mili,6.0815,171.735,301.47,74,19,4.19,MH,1690424436
746,dudinka,69.4058,86.1778,299.05,60,67,1.75,RU,1690424436
747,rongelap,11.1635,166.8941,301.38,79,100,7.97,MH,1690424436
748,queenstown,-31.8976,26.8753,282.6,88,55,1.8,ZA,1690424437
749,jumla,29.2747,82.1838,291.03,94,100,1.0,NP,1690424437
750,torghay,49.6339,63.4981,295.4,63,1,2.68,KZ,1690424292
751,nagornyy,52.7959,83.5498,296.01,47,99,2.84,RU,1690424437
752,happy valley-goose bay,53.3168,-60.3315,293.32,60,75,0.0,CA,1690424437
753,thunder bay,48.4001,-89.3168,293.14,83,61,1.03,CA,1690424400
754,zaozersk,69.4005,32.4476,283.75,94,100,0.72,RU,1690424437
755,yemetsk,63.4721,41.7941,286.87,100,100,1.98,RU,1690424438
756,magadan,59.5667,150.8,289.56,98,100,3.17,RU,1690424438
757,sechura,-5.5569,-80.8222,295.41,74,2,7.17,PE,1690424438
758,kayangel,8.0823,134.7173,300.03,82,100,10.97,PW,1690424438
759,taulaga,-11.0553,-171.0883,300.94,69,20,6.53,AS,1690424438
760,grantsville,40.5999,-112.4644,304.99,26,0,8.94,US,1690424438
761,isla vista,34.4133,-119.861,304.81,62,0,3.09,US,1690424438
762,mount isa,-20.7333,139.5,298.02,53,9,6.17,AU,1690424438
763,kampong chhnang,12.1667,104.55,301.95,73,100,2.96,KH,1690424439
764,la passe,45.5549,-0.8967,292.28,94,15,2.94,FR,1690424439
765,penonome,8.5167,-80.3667,299.64,80,100,2.24,PA,1690424216
766,bredasdorp,-34.5322,20.0403,281.93,91,0,1.98,ZA,1690424439
767,zonguldak,41.25,31.8333,294.77,40,0,2.71,TR,1690424439
768,gamba,-2.65,10.0,293.79,96,48,1.95,GA,1690424295
769,noosa heads,-26.3833,153.15,293.77,59,97,5.7,AU,1690424439
770,margate,51.3813,1.3862,289.76,94,100,4.47,GB,1690424439
771,vaasa,63.096,21.6158,287.56,100,100,2.24,FI,1690424439
772,sola,-13.8833,167.55,297.84,82,100,12.39,VU,1690424440
773,santo antonio,-6.3106,-35.4789,294.2,95,8,3.72,BR,1690424296
774,arraial do cabo,-22.9661,-42.0278,294.15,88,25,9.36,BR,1690424440
775,pajok,3.8651,32.4821,291.97,99,87,0.93,SS,1690424296
776,fianarantsoa,-21.4333,47.0833,279.8,93,58,1.93,MG,1690424296
777,xichang,27.8964,102.2634,295.08,84,99,0.8,CN,1690424296
778,acapulco de juarez,16.8634,-99.8901,303.05,70,75,3.09,MX,1690424440
779,pechora,65.1472,57.2244,290.2,79,97,1.31,RU,1690424440
780,hadibu,12.65,54.0333,298.14,79,55,11.25,YE,1690424440
781,coquimbo,-29.9533,-71.3436,286.0,87,0,2.06,CL,1690424297
782,argo,37.6333,22.7333,300.25,56,0,2.15,GR,1690424441
783,tommot,58.9564,126.2925,298.95,60,5,2.74,RU,1690424441
784,fonte boa,-2.4959,-66.2662,299.09,75,76,0.49,BR,1690424297
785,chandler,33.3062,-111.8412,317.93,17,0,1.34,US,1690424258
786,tralee,52.2704,-9.7026,288.83,99,100,3.07,IE,1690424441
787,klyuchi,52.2667,79.1667,295.72,41,100,3.13,RU,1690424441
788,uturoa,-16.7333,-151.4333,298.91,83,47,3.73,PF,1690424441
789,koratla,18.8167,78.7167,297.33,95,99,6.57,IN,1690424442
790,port lavaca,28.615,-96.6261,303.7,81,0,4.12,US,1690424442
791,susuman,62.7833,148.1667,282.87,82,100,2.84,RU,1690424299
792,gizo,-8.103,156.8419,300.36,85,100,7.62,SB,1690424442
793,masjed soleyman,31.9364,49.3039,307.14,12,0,2.19,IR,1690424299
794,berdigestyakh,62.0989,126.6992,295.17,46,100,1.52,RU,1690424299
795,nsanje,-16.92,35.262,289.25,94,15,0.69,MW,1690424442
796,colonia,50.9333,6.95,290.61,67,0,4.12,DE,1690424442
797,rodino,52.5,80.25,297.97,36,100,3.61,RU,1690424443
798,carnarvon,-24.8667,113.6333,290.54,51,30,7.11,AU,1690424443
799,tatarsk,55.219,75.9828,293.18,68,100,1.92,RU,1690424443
800,bandundu,-3.3167,17.3667,296.74,62,31,1.84,CD,1690424443
801,maputo,-25.9653,32.5892,289.97,67,0,6.17,MZ,1690424443
802,san luis de la loma,17.2706,-100.8939,301.06,79,51,3.02,MX,1690424300
803,bechar,31.6167,-2.2167,311.33,11,20,3.6,DZ,1690424443
804,ar ruways,24.1103,52.7306,306.26,74,99,3.0,AE,1690424443
805,lubumbashi,-11.6609,27.4794,285.04,63,2,1.49,CD,1690424301
806,tondon,10.3667,-13.35,296.54,99,100,0.34,GN,1690424301
807,shimoda,34.6667,138.95,305.99,66,22,2.65,JP,1690424301
808,novyy urengoy,66.0833,76.6333,295.53,59,69,2.62,RU,1690424444
809,turochak,52.2576,87.1224,294.02,61,63,0.8,RU,1690424444
810,milici,44.1711,19.0903,285.8,95,100,1.75,BA,1690424444
811,uyuni,-20.4597,-66.825,276.86,24,0,2.88,BO,1690424444
812,tofol,5.3248,163.0078,300.91,78,100,2.57,FM,1690424444
813,huarmey,-10.0681,-78.1522,293.37,82,85,4.59,PE,1690424444
814,chonchi,-42.6128,-73.8092,281.55,98,100,1.18,CL,1690424444
815,kimbe,-5.5502,150.1429,304.66,59,98,4.34,PG,1690424445
816,sao vicente,-23.9631,-46.3919,298.86,26,2,2.13,BR,1690424445
817,pedernales,18.0384,-71.744,301.79,70,100,4.81,DO,1690424445
818,wailua homesteads,22.0669,-159.378,302.39,79,75,7.2,US,1690424445
819,egilsstadir,65.2653,-14.3948,279.1,93,75,5.66,IS,1690424303
820,brumadinho,-20.1433,-44.1997,292.44,63,100,0.7,BR,1690424445
821,katsuren-haebaru,26.3369,127.8719,303.16,84,100,7.2,JP,1690424445
822,freetown,8.484,-13.2299,298.29,89,98,2.23,SL,1690424445
823,sisimiut,66.9395,-53.6735,277.63,90,42,3.06,GL,1690424445
824,sambava,-14.2667,50.1667,294.01,82,55,5.58,MG,1690424303
825,san patricio,28.017,-97.5169,303.25,72,53,5.74,US,1690424446
826,mamuju,-2.6748,118.8885,302.22,64,28,0.86,ID,1690424446
827,ketchikan,55.3422,-131.6461,292.41,68,75,4.12,US,1690424304
828,kitimat,54.0524,-128.6534,293.53,64,90,2.24,CA,1690424446
829,katsuura,35.1333,140.3,302.08,71,22,3.76,JP,1690424446
830,suntar,62.1444,117.6319,292.18,54,96,4.17,RU,1690424446
831,jianguang,28.1938,115.7836,303.47,70,7,4.99,CN,1690424446
832,talladega,33.4359,-86.1058,300.41,83,0,0.0,US,1690424446
833,remire-montjoly,4.9167,-52.2667,298.17,94,75,0.0,GF,1690424447
834,vorgashor,67.5833,63.95,286.32,92,100,2.09,RU,1690424447
835,ashmun,30.2986,30.9764,302.62,52,0,2.08,EG,1690424447
836,kharabali,47.4196,47.2568,297.49,47,0,2.71,RU,1690424305
837,kailua-kona,19.6406,-155.9956,302.87,81,40,5.66,US,1690424447
838,karasburg,-28.0167,18.75,278.61,77,0,2.52,,1690424447
839,trinity beach,-16.7888,145.6968,298.16,83,75,9.77,AU,1690424447
840,muzaffarabad,34.37,73.4711,299.87,80,12,0.73,PK,1690424447
841,kavaratti,10.5669,72.642,301.29,73,100,6.09,IN,1690424447
842,fougamou,-1.2154,10.5838,294.1,94,38,0.97,GA,1690424448
843,kalabo,-14.97,22.6814,285.29,53,0,2.69,ZM,1690424448
844,letterkenny,54.95,-7.7333,288.69,98,100,2.99,IE,1690424306
845,bosaso,11.2842,49.1816,304.95,41,15,12.41,SO,1690424448
846,hamilton,39.1834,-84.5333,302.27,72,0,7.2,US,1690424234
847,amga,60.8953,131.9608,295.77,49,100,2.08,RU,1690424448
848,pacific grove,36.6177,-121.9166,294.4,89,100,4.12,US,1690424307
849,hasaki,35.7333,140.8333,312.21,73,13,4.79,JP,1690424448
850,vacaria,-28.5122,-50.9339,283.53,97,85,3.48,BR,1690424448
851,korsakov,46.6328,142.7813,301.06,67,89,5.68,RU,1690424307
852,saint-philippe,-21.3585,55.7679,291.92,82,55,4.84,RE,1690424449
853,alofi,-19.0595,-169.9187,298.09,65,75,1.54,NU,1690424449
854,chinde,26.8418,88.0763,294.98,79,94,1.25,NP,1690424449
855,east ballina,-28.8667,153.5833,293.04,51,19,2.27,AU,1690424449
856,san pedro pochutla,15.7333,-96.4667,301.99,91,57,2.39,MX,1690424449
857,silvania,-16.6589,-48.6081,290.94,41,0,2.04,BR,1690424308
858,ruidoso,33.3317,-105.673,302.19,27,0,4.12,US,1690424258
859,ugoofaaru,5.6667,73.0,301.08,72,100,1.11,MV,1690424449
860,vredendal,-31.6683,18.5012,285.48,90,100,2.04,ZA,1690424309
861,puerto carreno,6.189,-67.4859,299.32,84,100,2.26,CO,1690424450
862,port douglas,-16.4833,145.4667,296.79,67,36,6.95,AU,1690424309
863,hauterive,46.0901,3.4459,288.57,81,42,2.09,FR,1690424309
864,wuwei,37.9281,102.6414,299.77,34,100,0.94,CN,1690424309
865,fale old settlement,-9.3852,-171.2468,301.65,73,29,7.95,TK,1690424450
866,zaragoza,41.6561,-0.8773,294.4,56,0,3.09,ES,1690424450
867,formosa do rio preto,-11.0483,-45.1931,293.13,46,48,1.4,BR,1690424450
868,holualoa,19.6228,-155.9522,300.8,82,40,5.66,US,1690424310
869,revda,56.801,59.9303,288.62,93,60,1.55,RU,1690424450
870,qaqortoq,60.7167,-46.0333,279.8,83,89,1.44,GL,1690424451
871,santa elena de uairen,4.6167,-61.1333,293.01,94,100,0.71,VE,1690424451
872,georgetown,5.4112,100.3354,303.11,83,40,1.54,MY,1690424227
873,prey veng,11.4868,105.3253,302.35,69,100,3.22,KH,1690424451
874,zambezi,-13.5432,23.1047,285.01,51,0,2.26,ZM,1690424451
875,oamaru,-45.0784,170.9801,282.8,56,3,0.45,NZ,1690424451
876,manokwari,-0.8667,134.0833,301.64,71,54,2.47,ID,1690424451
877,westport,41.1415,-73.3579,299.27,78,0,3.09,US,1690424451
878,kalemie,-5.9475,29.1947,293.15,66,73,1.35,CD,1690424451
879,nova sintra,14.8667,-24.7167,296.21,85,71,7.24,CV,1690424452
880,ntoum,0.3833,9.7833,298.02,84,95,1.06,GA,1690424312
881,kirakira,-10.4544,161.9205,301.13,81,100,6.44,SB,1690424452
882,itapuranga,-15.5622,-49.9486,295.04,36,0,1.91,BR,1690424452
883,east london,-33.0153,27.9116,290.93,69,100,5.47,ZA,1690424452
884,valle de la pascua,9.2155,-66.0073,296.53,93,100,0.59,VE,1690424452
885,tam ky,15.5667,108.4833,305.13,56,100,1.96,VN,1690424452
886,tura,25.5198,90.2201,297.42,97,100,2.31,IN,1690424452
887,vadso,70.0744,29.7487,283.24,93,100,1.03,NO,1690424452
888,nar'yan-mar,67.6713,53.087,290.68,70,99,1.67,RU,1690424313
889,valentin gomez farias,28.2167,-106.5833,300.83,24,1,3.94,MX,1690424453
890,pimentel,-6.8367,-79.9342,295.31,83,0,7.2,PE,1690424453
891,durant,33.994,-96.3708,305.35,58,0,2.06,US,1690424453
892,hudiksvall,61.729,17.1036,284.63,93,69,1.88,SE,1690424453
893,kapa'a,22.0752,-159.319,303.14,79,75,7.2,US,1690424453
894,bardai,11.65,7.2333,295.98,84,97,3.99,NG,1690424313
895,laghouat,33.8,2.8651,302.43,18,0,3.61,DZ,1690424314
896,khilok,51.3674,110.4676,287.03,97,100,2.36,RU,1690424453
897,whakatane,-37.9585,176.9854,284.69,73,99,0.58,NZ,1690424454
898,shenkursk,62.1091,42.896,288.29,99,100,1.94,RU,1690424314
899,ulsteinvik,62.3432,5.8487,289.21,92,97,0.45,NO,1690424454
900,petropavlovsk-kamchatsky,53.0452,158.6483,295.48,64,20,5.0,RU,1690424314
901,mount gambier,-37.8333,140.7667,287.84,56,1,5.56,AU,1690424454
902,badger,64.8,-147.5333,302.88,52,75,0.0,US,1690424455
903,minot air force base,48.4209,-101.3391,300.36,49,0,2.57,US,1690424315
904,kalampaka,39.7044,21.6269,294.26,69,10,2.51,GR,1690424315
905,grand-bassam,5.2118,-3.7388,298.13,93,85,2.67,CI,1690424456
906,labuan,5.2767,115.2417,303.35,74,20,1.54,MY,1690424456
907,merizo village,13.2658,144.6691,300.58,91,100,5.24,GU,1690424456
908,buarcos,40.166,-8.8768,292.41,90,62,6.02,PT,1690424315
909,ingraj bazar,25.0,88.15,303.51,69,78,4.93,IN,1690424456
910,itaituba,-4.2761,-55.9836,298.16,58,20,0.31,BR,1690424456
911,dalbandin,28.8947,64.4101,301.54,65,62,3.01,PK,1690424457
912,mersa matruh,31.3525,27.2453,299.68,75,0,3.76,EG,1690424457
913,afaahiti,-17.75,-149.2833,297.08,83,69,2.64,PF,1690424316
914,geraldton,-28.7667,114.6,287.38,88,100,3.09,AU,1690424457
915,bairnsdale,-37.8333,147.6167,290.25,29,0,1.04,AU,1690424457
916,masterton,-40.9597,175.6575,280.87,86,95,3.56,NZ,1690424457
917,dalandzadgad,43.5708,104.425,299.42,31,9,4.79,MN,1690424317
918,vryheid,-27.7695,30.7917,284.33,55,0,3.23,ZA,1690424457
919,diego martin,10.7005,-61.5342,298.37,93,82,3.19,TT,1690424379
920,along,28.1667,94.7667,298.52,88,93,0.6,IN,1690424458
921,flying fish cove,-10.4217,105.6791,298.97,83,100,5.14,CX,1690424458
922,dalnegorsk,44.5604,135.5701,305.11,42,20,2.24,RU,1690424458
923,abepura,-2.6333,140.5833,299.6,78,40,4.12,ID,1690424458
924,imamoglu,37.2651,35.6572,297.72,68,0,0.39,TR,1690424458
925,yaren,-0.5472,166.916,302.01,76,40,4.45,NR,1690424458
926,north bend,43.4065,-124.2243,291.57,82,0,8.75,US,1690424458
927,hemsby,52.6971,1.6918,289.49,95,100,7.05,GB,1690424458
928,aripuana,-9.1667,-60.6333,296.91,54,13,0.37,BR,1690424459
929,tuxpan,19.55,-103.4,295.12,91,92,0.49,MX,1690424319
930,kiama,-34.6833,150.8667,293.85,64,0,4.47,AU,1690424319
931,brookhaven,31.5791,-90.4407,299.96,58,0,2.06,US,1690424459
932,takoradi,4.8845,-1.7554,297.2,93,97,2.48,GH,1690424459
933,simga,21.6333,81.7,301.62,74,36,4.52,IN,1690424459
934,khanty-mansiysk,61.0042,69.0019,290.21,82,0,2.0,RU,1690424459
935,port saint john's,-31.6229,29.5448,292.32,65,40,8.72,ZA,1690424459
936,malakal,9.5334,31.6605,294.47,98,100,1.24,SS,1690424459
937,saint-pierre,-21.3393,55.4781,291.97,82,100,2.57,RE,1690424460
938,nyurba,63.2842,118.3319,291.64,50,86,3.01,RU,1690424460
939,ola,59.5833,151.2833,289.9,98,100,4.17,RU,1690424460
940,newnham,-41.3833,147.1333,285.68,70,100,8.75,AU,1690424460
941,iquique,-20.2208,-70.1431,291.17,84,59,0.8,CL,1690424320
942,chalus,36.655,51.4204,295.85,88,40,0.0,IR,1690424320
943,rio de janeiro,-22.9028,-43.2075,296.13,83,0,3.6,BR,1690424344
944,kulhudhuffushi,6.6221,73.07,301.04,72,98,2.35,MV,1690424460
945,usinsk,65.9939,57.5281,289.56,85,62,1.9,RU,1690424321
946,rawai,7.7797,98.3253,303.7,73,99,7.76,TH,1690424461
947,puyang,29.4603,119.8861,303.26,63,39,4.27,CN,1690424461
948,kangding,30.0513,101.9603,293.5,78,73,1.2,CN,1690424461
949,mweka,-4.85,21.5667,293.94,45,12,0.91,CD,1690424461
950,vangaindrano,-23.35,47.6,291.11,72,72,1.83,MG,1690424321
951,papao,-17.75,-149.55,297.97,82,39,2.7,PF,1690424461
952,pithiviers,48.1667,2.25,291.39,74,90,4.99,FR,1690424461
953,vila franca do campo,37.7167,-25.4333,293.38,85,0,2.19,PT,1690424461
954,salahonda,2.1019,-78.7217,299.85,84,18,4.18,CO,1690424462
955,cabo san lucas,22.8909,-109.9124,305.71,74,20,4.63,MX,1690424216
956,nieuw amsterdam,5.8833,-55.0833,299.27,88,100,3.0,SR,1690424462
957,fortuna,40.5982,-124.1573,291.99,74,0,5.66,US,1690424462
958,ust'-uda,54.1742,103.0304,294.34,62,19,3.83,RU,1690424462
959,lerwick,60.1545,-1.1494,283.15,87,0,1.15,GB,1690424462
960,la'ie,21.6477,-157.9253,304.13,74,20,7.43,US,1690424463
961,okhotsk,59.3833,143.3,290.56,83,96,1.02,RU,1690424463
962,salinas,36.6777,-121.6555,295.92,78,100,7.72,US,1690424463
963,lagrange,33.0393,-85.0313,300.52,76,43,1.69,US,1690424463
964,kabalo,-6.05,26.9167,294.87,34,99,1.76,CD,1690424463
965,komatipoort,-25.4332,31.9548,287.49,69,0,1.99,ZA,1690424463
966,tsiombe,-25.3,45.4833,291.18,57,0,5.81,MG,1690424464
967,obo,5.3998,26.4869,293.32,98,100,1.83,CF,1690424464
968,santa cruz,-17.8,-63.1667,292.85,56,75,7.2,BO,1690424464
969,porto torres,40.835,8.3972,291.25,70,82,3.47,IT,1690424464
970,chibougamau,49.9168,-74.3659,292.94,68,100,2.51,CA,1690424244
971,america dourada,-11.4553,-41.4361,291.98,84,27,4.23,BR,1690424465
972,devarkonda,16.7,78.9333,296.27,93,100,10.2,IN,1690424465
973,zemetchino,53.4973,42.6163,292.2,90,19,3.49,RU,1690424324
974,fortaleza,-3.7227,-38.5247,300.22,78,0,5.14,BR,1690424189
975,villanueva de cordoba,38.3228,-4.6287,290.67,44,0,1.69,ES,1690424465
976,tateyama,34.9833,139.8667,301.26,76,12,4.17,JP,1690424465
977,peace river,56.2501,-117.286,291.32,82,100,3.09,CA,1690424465
978,laguna,38.421,-121.4238,307.84,38,0,6.69,US,1690424466
979,qui nhon,13.7667,109.2333,304.02,64,96,5.64,VN,1690424325
980,yamba,-5.9,22.3,293.89,38,19,0.94,CD,1690424466
981,bikenibeu village,1.3673,173.1241,304.13,70,40,3.09,KI,1690424466
982,matiguas,12.8373,-85.4622,296.28,89,98,1.86,NI,1690424466
983,bakchar,57.0186,82.0711,292.28,81,48,1.45,RU,1690424467
984,howard springs,-12.497,131.047,301.1,25,100,2.34,AU,1690424467
985,tangalle,6.024,80.7911,299.32,82,100,4.42,LK,1690424467
986,an nuhud,12.7,28.4333,297.54,66,100,5.69,SD,1690424467
987,howrah,22.5892,88.3103,302.15,89,75,3.6,IN,1690424249
988,necochea,-38.5473,-58.7368,281.93,71,100,6.6,AR,1690424199
989,castillos,-34.1667,-53.8333,282.71,80,0,6.08,UY,1690424468
990,walvis bay,-22.9575,14.5053,283.76,81,0,0.78,,1690424468
991,carhuaz,-9.2819,-77.6447,287.72,62,29,0.84,PE,1690424326
992,qarauyl,48.9451,79.255,297.11,31,100,1.46,KZ,1690424468
993,koryazhma,61.3143,47.1691,288.62,99,100,3.21,RU,1690424468
994,beyla,8.6833,-8.6333,292.74,99,54,1.33,GN,1690424468
995,ankang,32.68,109.0172,299.61,82,100,1.12,CN,1690424469
996,beloyarskiy,63.7119,66.6722,287.58,98,100,2.55,RU,1690424469
997,eyl,7.9803,49.8164,297.95,66,58,10.67,SO,1690424469
998,anzio,41.4853,12.6179,296.08,60,2,2.58,IT,1690424469
999,mawu,29.5923,107.3139,296.62,95,100,0.41,CN,1690424469
1000,tori-fatehpur,25.45,79.1333,305.14,60,100,3.37,IN,1690424470
1001,tamandare,-8.7597,-35.1047,296.6,86,43,2.52,BR,1690424470
1002,nogliki,51.8333,143.1667,290.21,97,100,4.4,RU,1690424470
1003,gadzhiyevo,69.2551,33.3362,283.35,95,100,0.84,RU,1690424470
1004,chapaev,50.2,51.1667,297.65,48,5,3.01,KZ,1690424470
1005,seneca,41.1167,-83.1166,302.19,75,98,8.73,US,1690424328
1006,madras,13.0878,80.2785,301.14,77,75,4.12,IN,1690424328
1007,dumas,35.8656,-101.9732,303.49,28,0,4.63,US,1690424328
1008,cockburn town,21.4612,-71.1419,301.72,84,74,9.56,TC,1690424471
1009,sandpoint,48.2766,-116.5533,300.29,29,0,2.06,US,1690424206
1010,greymouth,-42.4667,171.2,282.72,66,92,4.19,NZ,1690424471
1011,copala,16.65,-98.9833,300.48,81,14,0.57,MX,1690424471
1012,markala,13.7021,-6.0659,303.07,55,100,4.94,ML,1690424472
1013,portland,45.5234,-122.6762,301.14,36,75,4.63,US,1690424208
1014,loukhi,66.0764,33.0381,284.03,93,17,0.73,RU,1690424472
1015,moyale,3.5167,39.0584,292.4,62,99,5.95,KE,1690424472
1016,hakha,22.65,93.6167,293.42,80,77,0.9,MM,1690424472
1017,auki,-8.7676,160.7034,299.33,89,100,2.57,SB,1690424473
1018,praia,14.9215,-23.5087,299.45,83,75,5.66,CV,1690424336
1019,hajjah,15.6943,43.6058,296.13,53,39,0.67,YE,1690424473
1020,oranjemund,-28.55,16.4333,284.61,73,0,2.77,,1690424473
1021,balsta,59.5671,17.5278,284.19,93,14,2.67,SE,1690424473
1022,renfrew,55.872,-4.3925,287.23,90,100,4.63,GB,1690424181
1023,hailin,44.5833,129.4167,300.76,66,61,2.66,CN,1690424474
1024,shwebo,22.5667,95.7,302.85,65,72,5.16,MM,1690424474
1025,fendou,46.65,124.8667,301.77,71,98,7.53,CN,1690424474
1026,crane,31.3974,-102.3501,305.4,28,14,6.85,US,1690424474
1027,palapag,12.5458,125.1147,304.03,63,100,3.89,PH,1690424475
1028,motueka,-41.1333,173.0167,287.09,48,4,4.4,NZ,1690424475
1029,"laikit, laikit ii (dimembe)",1.4792,124.9735,303.62,55,20,7.72,ID,1690424475
1030,jiazi,22.8779,116.067,303.22,71,99,3.68,CN,1690424331
1031,thurso,58.5927,-3.5259,285.29,86,35,7.74,GB,1690424475
1032,vila velha,-20.3297,-40.2925,294.23,90,40,1.03,BR,1690424475
1033,tshikapa,-6.4167,20.8,295.3,35,48,1.06,CD,1690424476
1034,punta arenas,-53.15,-70.9167,272.72,78,16,3.93,CL,1690424476
1035,lecheng,25.1238,113.3254,305.72,61,38,1.43,CN,1690424476
1036,basyun,30.9398,30.8134,297.15,68,0,0.29,EG,1690424332
1037,vilhena,-12.7406,-60.1458,294.72,49,5,1.73,BR,1690424476
1038,bor,56.3567,44.0669,294.11,92,4,4.88,RU,1690424332
1039,berezna,51.5716,31.7846,289.88,97,78,2.99,UA,1690424332
1040,zhangye,38.9342,100.4517,303.12,22,100,2.21,CN,1690424477
1041,east end,34.5507,-92.341,304.76,83,72,2.67,US,1690424477
1042,barhi,23.9,80.8,303.2,61,95,3.06,IN,1690424477
1043,urangan,-25.3,152.9,293.26,83,91,6.21,AU,1690424332
1044,ciudad lazaro cardenas,17.9583,-102.2,301.53,75,61,2.39,MX,1690424478
1045,salalah,17.0151,54.0924,298.2,94,100,3.6,OM,1690424479
1046,vallenar,-28.5708,-70.7581,288.42,71,100,0.75,CL,1690424479
1047,boa vista,2.8197,-60.6733,298.14,88,40,1.54,BR,1690424285
1048,arkadak,51.9326,43.4978,294.46,57,87,3.72,RU,1690424479
1049,eno,62.8051,30.1542,284.31,84,98,0.96,FI,1690424480
1050,puntarenas,9.9763,-84.8384,300.25,83,100,1.61,CR,1690424412
1051,ribeira brava,32.65,-17.0667,295.5,72,1,1.75,PT,1690424480
1052,birobidzhan,48.8,132.95,302.46,55,2,2.02,RU,1690424480
1053,danbury,41.3948,-73.454,298.41,81,0,3.6,US,1690424333
1054,belomorsk,64.5232,34.7668,283.78,95,8,0.9,RU,1690424481
1055,lubang,13.8584,120.124,301.57,83,94,13.87,PH,1690424481
1056,yahualica de gonzalez gallo,21.1333,-102.85,290.71,89,100,1.44,MX,1690424481
1057,tindouf,27.6711,-8.1474,298.4,29,0,8.23,DZ,1690424481
1058,mandera,3.9366,41.867,296.98,60,59,6.85,KE,1690424482
1059,barentu,15.1139,37.5928,293.89,83,98,3.15,ER,1690424482
1060,kilju,40.9642,129.3278,305.21,47,84,1.8,KP,1690424334
1061,polyarnyy,69.1989,33.4478,283.42,96,100,0.86,RU,1690424334
1062,neiafu,-18.65,-173.9833,297.53,69,100,2.06,TO,1690424482
1063,tshabong,-26.05,22.45,283.74,40,0,3.28,BW,1690424482
1064,singerei,47.6667,28.1667,291.29,93,100,5.35,MD,1690424483
1065,benguela,-12.5763,13.4055,293.24,84,74,2.36,AO,1690424335
1066,ilhabela,-23.7781,-45.3581,295.6,60,12,1.49,BR,1690424483
1067,mossel bay,-34.1831,22.146,285.11,80,33,2.54,ZA,1690424483
1068,ouadda,8.0777,22.4007,293.86,93,100,0.61,CF,1690424335
1069,vorkuta,67.5,64.0,286.83,91,100,2.04,RU,1690424483
1070,zheleznodorozhnyy,55.7503,38.0042,290.44,91,100,1.54,RU,1690424438
1071,sao raimundo nonato,-9.0153,-42.6994,295.69,45,87,0.96,BR,1690424483
1072,celestun,20.8667,-90.4,301.43,74,100,8.2,MX,1690424484
1073,tabou,4.423,-7.3528,297.59,90,99,3.64,CI,1690424484
1074,melekeok village,7.4957,134.6367,298.46,94,100,7.2,PW,1690424336
1075,akureyri,65.6835,-18.0878,282.11,76,100,2.06,IS,1690424484
1076,iskilip,40.7353,34.4739,295.17,30,0,0.81,TR,1690424484
1077,bonthe,7.5264,-12.505,297.53,92,92,2.09,SL,1690424485
1078,minas de marcona,-15.2119,-75.1103,285.38,87,48,5.24,PE,1690424485
1079,xilin hot,43.9667,116.0333,299.0,53,0,3.91,CN,1690424485
1080,broome,42.2506,-75.833,297.42,77,0,4.02,US,1690424485
1081,wooster,40.8051,-81.9351,301.09,75,0,4.63,US,1690424273
1082,drayton valley,53.2168,-114.9854,284.85,85,100,7.73,CA,1690424485
1083,fada,9.5667,8.3,293.21,93,98,0.98,NG,1690424486
1084,conduaga,8.862,117.4893,302.77,68,69,6.42,PH,1690424486
1085,aykhal,66.0,111.5,289.5,59,100,3.68,RU,1690424486
1086,selfoss,63.9331,-20.9971,282.62,72,100,4.03,IS,1690424337
1087,caleta de carquin,-11.0925,-77.6267,292.75,80,49,4.06,PE,1690424486
1088,turbat,26.0023,63.044,302.07,79,100,1.04,PK,1690424337
1089,harper,4.375,-7.7169,297.63,90,99,4.02,LR,1690424338
1090,watsa,3.0372,29.5355,290.95,99,99,0.69,CD,1690424338
1091,moroto,2.5345,34.6666,292.36,80,97,2.65,UG,1690424487
1092,kayyerkan,69.3786,87.7439,298.87,61,95,0.97,RU,1690424338
1093,fort mcmurray,56.7268,-111.381,288.92,88,100,2.06,CA,1690424487
1094,as sulayyil,20.4607,45.5779,303.29,10,85,3.9,SA,1690424487
1095,sol'-iletsk,51.1631,54.9918,295.47,60,7,1.26,RU,1690424487
1096,zhangatas,43.5667,69.75,301.46,33,42,5.41,KZ,1690424338
1097,emerald,-23.5333,148.1667,293.34,56,81,6.9,AU,1690424488
1098,hafar al-batin,28.4328,45.9708,303.47,19,0,2.06,SA,1690424488
1099,sao tome,0.3365,6.7273,297.2,87,84,4.03,ST,1690424339
1100,sur,22.5667,59.5289,300.99,75,80,5.11,OM,1690424339
1101,sangaria,29.8,74.45,302.55,76,100,1.75,IN,1690424488
1102,rodna,47.4167,24.8167,288.36,99,100,1.8,RO,1690424489
1103,batesburg-leesville,33.9101,-81.5373,301.32,74,82,2.78,US,1690424489
1104,nantucket,41.2835,-70.0995,297.59,96,5,6.52,US,1690424227
1105,mukalla,14.5425,49.1242,301.78,68,40,0.71,YE,1690424489
1106,lazaro cardenas,17.9583,-102.2,301.53,75,61,2.39,MX,1690424332
1107,arteche,12.2645,125.4048,304.07,62,96,3.4,PH,1690424340
1108,sakaiminato,35.55,133.2333,306.11,70,20,3.09,JP,1690424490
1109,lichinga,-13.3128,35.2406,283.13,88,21,2.53,MZ,1690424340
1110,acarau,-2.8856,-40.12,298.89,83,11,7.31,BR,1690424490
1111,almeirim,-1.5233,-52.5817,299.68,69,52,1.01,BR,1690424490
1112,inhambane,-23.865,35.3833,291.27,70,11,2.05,MZ,1690424340
1113,matadi,-5.8167,13.45,294.76,87,2,1.52,CD,1690424341
1114,manggar,-2.8833,108.2667,301.87,70,34,6.32,ID,1690424491
1115,irtyshsk,53.3333,75.4572,290.6,88,100,5.07,KZ,1690424341
1116,grassano,40.6346,16.2779,290.38,63,4,2.64,IT,1690424491
1117,talcher,20.95,85.2167,301.71,81,33,5.26,IN,1690424341
1118,tasek glugor,5.4803,100.4985,303.11,84,40,1.54,MY,1690424341
1119,inari,68.906,27.0288,284.26,93,92,0.68,FI,1690424491
1120,luganville,-15.5333,167.1667,295.82,83,100,5.94,VU,1690424492
1121,benton,36.3334,-94.3335,304.1,67,0,2.57,US,1690424492
1122,cimitarra,6.3142,-73.9497,298.64,83,53,0.97,CO,1690424492
1123,tippi,7.2,35.45,290.59,99,99,0.87,ET,1690424492
1124,el nido,11.1858,119.3956,302.17,77,96,9.98,PH,1690424492
1125,ermoupolis,37.4423,24.9425,302.54,61,78,4.12,GR,1690424493
1126,penza,53.2007,45.0046,291.87,88,53,3.06,RU,1690424493
1127,leava,-14.3,-178.1667,299.27,74,85,5.96,WF,1690424343
1128,shulan,44.4167,126.95,301.58,65,86,5.97,CN,1690424343
1129,quellon,-43.1167,-73.6167,280.29,100,100,1.03,CL,1690424493
1130,kokpekty,48.75,82.4,301.25,23,97,1.25,KZ,1690424493
1131,camiri,-20.05,-63.5167,287.69,65,94,1.61,BO,1690424343
1132,sogel,52.85,7.5167,286.26,88,100,0.51,DE,1690424494
1133,krasnyy chikoy,50.3643,108.7512,293.44,68,79,2.07,RU,1690424494
1134,nicoya,10.1483,-85.452,297.96,87,100,1.74,CR,1690424494
1135,campos belos,-13.0367,-46.7717,293.86,38,14,1.58,BR,1690424494
1136,tazovsky,67.4667,78.7,291.55,76,11,1.1,RU,1690424494
1137,hobyo,5.3505,48.5268,297.43,83,58,9.88,SO,1690424494
1138,mugia,43.1041,-9.2179,291.99,79,99,3.16,ES,1690424495
1139,mandal,25.45,74.5667,300.93,77,100,4.16,IN,1690424495
1140,chak jhumra,31.5678,73.1835,299.11,93,100,5.09,PK,1690424495
1141,new norfolk,-42.7826,147.0587,286.44,58,100,1.79,AU,1690424495
1142,santa marta de ortigueira,43.6833,-7.85,291.07,86,97,1.43,ES,1690424495
1143,rio grande,-32.035,-52.0986,285.34,87,2,6.9,BR,1690424198
1144,xining,36.6167,101.7667,288.23,83,100,1.36,CN,1690424495
1145,kolwezi,-10.7148,25.4667,286.75,49,24,3.44,CD,1690424495
1146,santiago de cuba,20.0247,-75.8219,302.21,70,40,3.09,CU,1690424496
1147,jayapura,-2.5333,140.7,299.81,95,100,3.05,ID,1690424346
1148,rupert,42.6191,-113.6772,302.14,26,0,2.06,US,1690424346
1149,baneh,35.9975,45.8853,293.39,48,0,2.84,IR,1690424496
